#,Date,Board,North,South,East,West,EPBot1 Result,EPBot1 Score, IMPs  or MPs,Par Result, EPBot1  Par Score,Vs. Par,DD Bidding,DD Play,
1,2024.09.27,1,EPBot1,EPBot3,EPBot2,EPBot4,4S S =,420,0.00%,3N S+2,460,-1,We missed best contract,-,
2,2024.09.27,2,EPBot1,EPBot3,EPBot2,EPBot4,4S W -1,50,0.00%,3S EW,-140,5,They overbid - undoubled,-,
3,2024.09.27,3,EPBot1,EPBot3,EPBot2,EPBot4,4S E +2,-680,0.00%,5S EW,-650,-1,We missed sacrifice,-1,
4,2024.09.27,4,EPBot1,EPBot3,EPBot2,EPBot4,3N S +2,660,0.00%,3N NS+2,660,0,Par was bid,-,
5,2024.09.27,5,EPBot1,EPBot3,EPBot2,EPBot4,4DX W -2,300,0.00%,3S NS,140,4,They overbid - doubled,-,
6,2024.09.27,6,EPBot1,EPBot3,EPBot2,EPBot4,1N S +1,120,0.00%,3H NS,140,-1,We missed best contract,+1,
7,2024.09.27,7,EPBot1,EPBot3,EPBot2,EPBot4,1N S +1,120,0.00%,5D NS,600,-10,We missed game,-1,
8,2024.09.27,8,EPBot1,EPBot3,EPBot2,EPBot4,3N S +1,430,0.00%,3N NS+1,430,0,Par was bid,-,
9,2024.09.27,9,EPBot1,EPBot3,EPBot2,EPBot4,3N S -1,-50,0.00%,5C NS,400,-10,We missed game,+1,
10,2024.09.27,10,EPBot1,EPBot3,EPBot2,EPBot4,3N S =,600,0.00%,3N NS,600,0,Par was bid,-,
11,2024.09.27,11,EPBot1,EPBot3,EPBot2,EPBot4,1N S -1,-50,0.00%,3SX NS-1,-100,2,They missed double,+1,
12,2024.09.27,12,EPBot1,EPBot3,EPBot2,EPBot4,3C S -1,-100,0.00%,1S EW+2,-140,1,We overbid - undoubled,+1,
13,2024.09.27,13,EPBot1,EPBot3,EPBot2,EPBot4,5S S =,650,0.00%,4S NS+1,650,0,Par was bid,-,
14,2024.09.27,14,EPBot1,EPBot3,EPBot2,EPBot4,3C N +1,130,0.00%,5DX NS-2,-300,10,They missed game,+2,
15,2024.09.27,15,EPBot1,EPBot3,EPBot2,EPBot4,3N S +1,630,0.00%,3N NS+1,630,0,Par was bid,-,
16,2024.09.27,16,EPBot1,EPBot3,EPBot2,EPBot4,3N S =,400,0.00%,3N NS+1,430,-1,Par was bid,-1,
17,2024.09.27,17,EPBot1,EPBot3,EPBot2,EPBot4,1N S -1,-50,0.00%,2H EW,-110,2,They missed partial,-,
18,2024.09.27,18,EPBot1,EPBot3,EPBot2,EPBot4,3N S +2,660,0.00%,6HX EW-5,1100,-10,We missed small slam,+1,
19,2024.09.27,19,EPBot1,EPBot3,EPBot2,EPBot4,2H W =,-110,0.00%,3D S,110,-6,We missed partial,-,
20,2024.09.27,20,EPBot1,EPBot3,EPBot2,EPBot4,2S S +1,140,0.00%,4S NS+1,650,-11,We missed game,-2,
21,2024.09.27,21,EPBot1,EPBot3,EPBot2,EPBot4,5H N -1,-100,0.00%,5CX EW-3,500,-12,We overbid - undoubled,-,
22,2024.09.27,22,EPBot1,EPBot3,EPBot2,EPBot4,1N S =,90,0.00%,1N NS,90,0,Par was bid,-,
23,2024.09.27,23,EPBot1,EPBot3,EPBot2,EPBot4,1N S =,90,0.00%,2N NS,120,-1,They missed partial,-1,
24,2024.09.27,24,EPBot1,EPBot3,EPBot2,EPBot4,3D S +1,130,0.00%,4S NS+1,450,-8,We missed game,-1,
25,2024.09.27,25,EPBot1,EPBot3,EPBot2,EPBot4,4S S =,420,0.00%,4S NS,420,0,Par was bid,-,
26,2024.09.27,26,EPBot1,EPBot3,EPBot2,EPBot4,4S S +2,680,0.00%,7S NS,2210,-17,We missed grand slam,-1,
27,2024.09.27,27,EPBot1,EPBot3,EPBot2,EPBot4,1N S =,90,0.00%,1N NS+1,120,-1,Par was bid,-1,
28,2024.09.27,28,EPBot1,EPBot3,EPBot2,EPBot4,1N S =,90,0.00%,1S EW+2,-140,6,We overbid - undoubled,+2,
29,2024.09.27,29,EPBot1,EPBot3,EPBot2,EPBot4,1N S =,90,0.00%,1S NS+2,140,-2,We missed best contract,-1,
30,2024.09.27,30,EPBot1,EPBot3,EPBot2,EPBot4,3N S +1,430,0.00%,3N NS+2,460,-1,Par was bid,-1,
31,2024.09.27,31,EPBot1,EPBot3,EPBot2,EPBot4,5H S +2,710,0.00%,7N NS,2220,-17,We missed grand slam,-,
32,2024.09.27,32,EPBot1,EPBot3,EPBot2,EPBot4,3N S =,400,0.00%,3N NS+1,430,-1,Par was bid,-1,
33,2024.09.27,33,EPBot1,EPBot3,EPBot2,EPBot4,3N S =,400,0.00%,3N NS+2,460,-2,Par was bid,-2,
34,2024.09.27,34,EPBot1,EPBot3,EPBot2,EPBot4,3N S +1,630,0.00%,7HX EW-5,1100,-10,We missed small slam,-1,
35,2024.09.27,35,EPBot1,EPBot3,EPBot2,EPBot4,4S S =,420,0.00%,4S NS,420,0,Par was bid,-,
36,2024.09.27,36,EPBot1,EPBot3,EPBot2,EPBot4,6N S =,1440,0.00%,6N NS,1440,0,Par was bid,-,
37,2024.09.27,37,EPBot1,EPBot3,EPBot2,EPBot4,4S S =,620,0.00%,4CX EW-3,500,3,We overbid - undoubled,+1,
38,2024.09.27,38,EPBot1,EPBot3,EPBot2,EPBot4,3N S =,400,0.00%,3N NS+1,430,-1,Par was bid,-1,
39,2024.09.27,39,EPBot1,EPBot3,EPBot2,EPBot4,4H S +2,680,0.00%,7CX EW-5,1400,-12,We missed small slam,-,
40,2024.09.27,40,EPBot1,EPBot3,EPBot2,EPBot4,3N S +2,460,0.00%,6C NS,920,-10,We missed small slam,-,
41,2024.09.27,41,EPBot1,EPBot3,EPBot2,EPBot4,1N S =,90,0.00%,1N S,90,0,Par was bid,-,
42,2024.09.27,42,EPBot1,EPBot3,EPBot2,EPBot4,1N S -1,-100,0.00%,3H NS,140,-6,We missed partial,-,
43,2024.09.27,43,EPBot1,EPBot3,EPBot2,EPBot4,2N S -1,-50,0.00%,4C NS,130,-5,We missed partial,+1,
44,2024.09.27,44,EPBot1,EPBot3,EPBot2,EPBot4,2H S +1,140,0.00%,3N NS+1,630,-10,We missed game,-,
45,2024.09.27,45,EPBot1,EPBot3,EPBot2,EPBot4,3C S +1,130,0.00%,3N N+1,630,-11,We missed game,-,
46,2024.09.27,46,EPBot1,EPBot3,EPBot2,EPBot4,3N S =,400,0.00%,4H NS+1,450,-2,We missed best contract,-,
47,2024.09.27,47,EPBot1,EPBot3,EPBot2,EPBot4,3N S +1,630,0.00%,6N NS,1440,-13,We missed small slam,-2,
48,2024.09.27,48,EPBot1,EPBot3,EPBot2,EPBot4,6C N =,920,0.00%,6C S,920,0,We wrong-side contract,+1,
49,2024.09.27,49,EPBot1,EPBot3,EPBot2,EPBot4,3N S +1,430,0.00%,3N N+2,460,-1,We wrong-side contract,-,
50,2024.09.27,50,EPBot1,EPBot3,EPBot2,EPBot4,1N S +1,120,0.00%,5C NS,600,-10,We missed game,-,
51,2024.09.27,51,EPBot1,EPBot3,EPBot2,EPBot4,4SX E -1,200,0.00%,3D NS+1,130,2,They overbid - doubled,-1,
52,2024.09.27,52,EPBot1,EPBot3,EPBot2,EPBot4,4S S =,620,0.00%,3C EW+1,-130,13,We overbid - undoubled,+2,
53,2024.09.27,53,EPBot1,EPBot3,EPBot2,EPBot4,2S S +1,140,0.00%,3C EW,-110,6,They missed partial,+1,
54,2024.09.27,54,EPBot1,EPBot3,EPBot2,EPBot4,2S E +1,-140,0.00%,4C NS,130,-7,We missed partial,-,
55,2024.09.27,55,EPBot1,EPBot3,EPBot2,EPBot4,1N S -2,-200,0.00%,1S EW+2,-140,-2,We overbid - undoubled,-,
56,2024.09.27,56,EPBot1,EPBot3,EPBot2,EPBot4,4H S -1,-50,0.00%,3H NS,140,-5,We overbid - undoubled,-,
57,2024.09.27,57,EPBot1,EPBot3,EPBot2,EPBot4,2N S =,120,0.00%,1H NS+2,140,-1,We missed partial,+1,
58,2024.09.27,58,EPBot1,EPBot3,EPBot2,EPBot4,2S S -1,-100,0.00%,2C EW,-90,0,We overbid - undoubled,-,
59,2024.09.27,59,EPBot1,EPBot3,EPBot2,EPBot4,3S E +1,-170,0.00%,4CX NS-1,-100,-2,We missed sacrifice,-1,
60,2024.09.27,60,EPBot1,EPBot3,EPBot2,EPBot4,2D W =,-90,0.00%,1S EW+2,-140,2,They missed best contract,-,
61,2024.09.27,61,EPBot1,EPBot3,EPBot2,EPBot4,3N S =,600,0.00%,3N NS+1,630,-1,Par was bid,-1,
62,2024.09.27,62,EPBot1,EPBot3,EPBot2,EPBot4,1N S =,90,0.00%,2C EW,-90,5,They missed partial,-,
63,2024.09.27,63,EPBot1,EPBot3,EPBot2,EPBot4,3N S =,600,0.00%,3N NS,600,0,Par was bid,-,
64,2024.09.27,64,EPBot1,EPBot3,EPBot2,EPBot4,4H N +1,450,0.00%,4H NS,420,1,Par was bid,+1,
65,2024.09.27,65,EPBot1,EPBot3,EPBot2,EPBot4,3N S +1,430,0.00%,6C NS,920,-10,We missed small slam,-1,
66,2024.09.27,66,EPBot1,EPBot3,EPBot2,EPBot4,1N S -1,-100,0.00%,2C EW+1,-110,0,They missed double,-,
67,2024.09.27,67,EPBot1,EPBot3,EPBot2,EPBot4,3C S +1,130,0.00%,1S NS+2,140,0,We missed best contract,+1,
68,2024.09.27,68,EPBot1,EPBot3,EPBot2,EPBot4,4H S =,620,0.00%,2H NS+1,140,10,We overbid - undoubled,+1,
69,2024.09.27,69,EPBot1,EPBot3,EPBot2,EPBot4,4SX W -1,100,0.00%,5SX EW-3,500,-9,We missed game,-1,
70,2024.09.27,70,EPBot1,EPBot3,EPBot2,EPBot4,4H S +2,480,0.00%,3N NS+2,460,1,We missed best contract,+1,
71,2024.09.27,71,EPBot1,EPBot3,EPBot2,EPBot4,2S S +2,170,0.00%,3N NS+1,630,-10,We missed game,-,
72,2024.09.27,72,EPBot1,EPBot3,EPBot2,EPBot4,3N S =,400,0.00%,3N NS,400,0,Par was bid,-,
73,2024.09.27,73,EPBot1,EPBot3,EPBot2,EPBot4,3CX W -1,200,0.00%,1S NS+2,140,2,They overbid - doubled,-1,
74,2024.09.27,74,EPBot1,EPBot3,EPBot2,EPBot4,2S E =,-110,0.00%,2S EW,-110,0,Par was bid,-,
75,2024.09.27,75,EPBot1,EPBot3,EPBot2,EPBot4,4C S -1,-50,0.00%,4SX E-1,100,-4,They missed sacrifice,-1,
76,2024.09.27,76,EPBot1,EPBot3,EPBot2,EPBot4,4H S +2,680,0.00%,6N NS,1440,-13,We missed small slam,-,
77,2024.09.27,77,EPBot1,EPBot3,EPBot2,EPBot4,4H S =,620,0.00%,1N NS+1,120,11,We overbid - undoubled,+2,
78,2024.09.27,78,EPBot1,EPBot3,EPBot2,EPBot4,2H S +1,140,0.00%,3H NS,140,0,They missed sacrifice,-,
79,2024.09.27,79,EPBot1,EPBot3,EPBot2,EPBot4,4S S +2,680,0.00%,6N NS,1440,-13,We missed small slam,-,
80,2024.09.27,80,EPBot1,EPBot3,EPBot2,EPBot4,3N S +1,430,0.00%,3N NS+1,430,0,Par was bid,-,
81,2024.09.27,81,EPBot1,EPBot3,EPBot2,EPBot4,2S S +1,140,0.00%,4S NS,420,-7,We missed game,-1,
82,2024.09.27,82,EPBot1,EPBot3,EPBot2,EPBot4,3N S =,600,0.00%,3SX EW-1,100,11,We overbid - undoubled,+1,
83,2024.09.27,83,EPBot1,EPBot3,EPBot2,EPBot4,3S E =,-140,0.00%,3S EW,-140,0,Par was bid,-,
84,2024.09.27,84,EPBot1,EPBot3,EPBot2,EPBot4,3N S +1,630,0.00%,3N NS+2,660,-1,Par was bid,-1,
85,2024.09.27,85,EPBot1,EPBot3,EPBot2,EPBot4,4S S +1,650,0.00%,3N NS,600,2,We overbid - undoubled,+2,
86,2024.09.27,86,EPBot1,EPBot3,EPBot2,EPBot4,3N S =,400,0.00%,1H NS+2,140,6,We overbid - undoubled,+3,
87,2024.09.27,87,EPBot1,EPBot3,EPBot2,EPBot4,3N S +1,630,0.00%,6C NS,1370,-12,We missed small slam,-1,
88,2024.09.27,88,EPBot1,EPBot3,EPBot2,EPBot4,4S S =,420,0.00%,2S NS+1,140,7,We overbid - undoubled,+1,
89,2024.09.27,89,EPBot1,EPBot3,EPBot2,EPBot4,1N S -1,-50,0.00%,2SX NS-1,-100,2,They missed partial,-,
90,2024.09.27,90,EPBot1,EPBot3,EPBot2,EPBot4,4S N =,620,0.00%,3N NS+1,630,0,We missed best contract,-,
91,2024.09.27,91,EPBot1,EPBot3,EPBot2,EPBot4,4S S +3,510,0.00%,7S NS,1510,-14,We missed grand slam,-,
92,2024.09.27,92,EPBot1,EPBot3,EPBot2,EPBot4,1N S -1,-100,0.00%,2H NS,110,-5,We missed best contract,-1,
93,2024.09.27,93,EPBot1,EPBot3,EPBot2,EPBot4,4H S +1,650,0.00%,3N NS+2,660,0,We missed best contract,-,
94,2024.09.27,94,EPBot1,EPBot3,EPBot2,EPBot4,6N S =,990,0.00%,6N NS,990,0,Par was bid,-,
95,2024.09.27,95,EPBot1,EPBot3,EPBot2,EPBot4,3N S =,600,0.00%,3N NS,600,0,Par was bid,-,
96,2024.09.27,96,EPBot1,EPBot3,EPBot2,EPBot4,4S S =,420,0.00%,4S S+1,450,-1,Par was bid,-1,
97,2024.09.27,97,EPBot1,EPBot3,EPBot2,EPBot4,4S S +2,480,0.00%,4S NS+1,450,1,Par was bid,+1,
98,2024.09.27,98,EPBot1,EPBot3,EPBot2,EPBot4,4H S =,620,0.00%,4SX EW-2,300,8,We overbid - undoubled,+1,
99,2024.09.27,99,EPBot1,EPBot3,EPBot2,EPBot4,4H S +2,480,0.00%,6N NS,990,-11,We missed small slam,-,
100,2024.09.27,100,EPBot1,EPBot3,EPBot2,EPBot4,4H S +1,650,0.00%,4H NS+1,650,0,Par was bid,-,
101,2024.09.27,101,EPBot1,EPBot3,EPBot2,EPBot4,3N S -2,-200,0.00%,1N NS+1,120,-8,We overbid - undoubled,-1,
102,2024.09.27,102,EPBot1,EPBot3,EPBot2,EPBot4,3N S +1,430,0.00%,3N NS+2,460,-1,Par was bid,-1,
103,2024.09.27,103,EPBot1,EPBot3,EPBot2,EPBot4,6S S =,1430,0.00%,7S NS,2210,-13,We missed grand slam,-1,
104,2024.09.27,104,EPBot1,EPBot3,EPBot2,EPBot4,5D S +1,420,0.00%,6H NS,980,-11,We missed small slam,-,
105,2024.09.27,105,EPBot1,EPBot3,EPBot2,EPBot4,2S S -1,-50,0.00%,2D NS+1,110,-4,Par was bid,-1,
106,2024.09.27,106,EPBot1,EPBot3,EPBot2,EPBot4,4H S =,620,0.00%,4H NS+1,650,-1,Par was bid,-1,
107,2024.09.27,107,EPBot1,EPBot3,EPBot2,EPBot4,4S N +1,450,0.00%,6D NS,920,-10,We missed small slam,-,
108,2024.09.27,108,EPBot1,EPBot3,EPBot2,EPBot4,4D W +1,-150,0.00%,5SX NS-1,-200,2,They missed game,-,
109,2024.09.27,109,EPBot1,EPBot3,EPBot2,EPBot4,1N S +1,120,0.00%,1N NS+1,120,0,Par was bid,-,
110,2024.09.27,110,EPBot1,EPBot3,EPBot2,EPBot4,3N S +2,460,0.00%,6N NS,990,-11,We missed small slam,-1,
111,2024.09.27,111,EPBot1,EPBot3,EPBot2,EPBot4,3N S =,600,0.00%,6D S,1370,-13,We missed small slam,-2,
112,2024.09.27,112,EPBot1,EPBot3,EPBot2,EPBot4,1N S =,90,0.00%,2H S+1,140,-2,We missed partial,+1,
113,2024.09.27,113,EPBot1,EPBot3,EPBot2,EPBot4,5D N =,400,0.00%,3N NS+2,460,-2,We missed best contract,-,
114,2024.09.27,114,EPBot1,EPBot3,EPBot2,EPBot4,2N S +1,150,0.00%,3N N,600,-10,We missed game,+1,
115,2024.09.27,115,EPBot1,EPBot3,EPBot2,EPBot4,3D N -1,-50,0.00%,1C EW+1,-90,1,We overbid - undoubled,+2,
116,2024.09.27,116,EPBot1,EPBot3,EPBot2,EPBot4,1N S =,90,0.00%,2D NS+1,110,-1,We missed best contract,-,
117,2024.09.27,117,EPBot1,EPBot3,EPBot2,EPBot4,3N S +1,630,0.00%,3N NS+2,660,-1,Par was bid,-1,
118,2024.09.27,118,EPBot1,EPBot3,EPBot2,EPBot4,1N S =,90,0.00%,1N NS+1,120,-1,Par was bid,-1,
119,2024.09.27,119,EPBot1,EPBot3,EPBot2,EPBot4,2H S =,110,0.00%,2N EW,-120,6,They missed partial,-,
120,2024.09.27,120,EPBot1,EPBot3,EPBot2,EPBot4,3N S +2,460,0.00%,6C NS,920,-10,We missed small slam,+1,
121,2024.09.27,121,EPBot1,EPBot3,EPBot2,EPBot4,4H S =,420,0.00%,4H NS,420,0,Par was bid,-,
122,2024.09.27,122,EPBot1,EPBot3,EPBot2,EPBot4,1N S -1,-100,0.00%,4H EW,-620,11,They missed game,+1,
123,2024.09.27,123,EPBot1,EPBot3,EPBot2,EPBot4,3N S =,400,0.00%,5C NS,400,0,We missed game,+2,
124,2024.09.27,124,EPBot1,EPBot3,EPBot2,EPBot4,3H E -1,50,0.00%,3HX EW-1,100,-2,We missed double,-,
125,2024.09.27,125,EPBot1,EPBot3,EPBot2,EPBot4,4S S -1,-100,0.00%,2H NS+1,140,-6,We overbid - undoubled,+1,
126,2024.09.27,126,EPBot1,EPBot3,EPBot2,EPBot4,1N S -1,-50,0.00%,3D NS,110,-4,We missed partial,+1,
127,2024.09.27,127,EPBot1,EPBot3,EPBot2,EPBot4,1N S +1,120,0.00%,3N S+1,630,-11,We missed game,-2,
128,2024.09.27,128,EPBot1,EPBot3,EPBot2,EPBot4,2N S -1,-50,0.00%,1S NS+1,110,-4,We missed partial,-,
129,2024.09.27,129,EPBot1,EPBot3,EPBot2,EPBot4,1N S -1,-50,0.00%,1N EW,-90,1,We overbid - undoubled,+1,
130,2024.09.27,130,EPBot1,EPBot3,EPBot2,EPBot4,1N S =,90,0.00%,1N EW,-90,5,We overbid - undoubled,+1,
131,2024.09.27,131,EPBot1,EPBot3,EPBot2,EPBot4,4H S =,420,0.00%,4H NS+1,450,-1,Par was bid,-1,
132,2024.09.27,132,EPBot1,EPBot3,EPBot2,EPBot4,3N S +2,660,0.00%,4S NS+1,650,0,We missed best contract,+1,
133,2024.09.27,133,EPBot1,EPBot3,EPBot2,EPBot4,1N S -1,-100,0.00%,1H EW,-80,-1,We overbid - undoubled,-,
134,2024.09.27,134,EPBot1,EPBot3,EPBot2,EPBot4,4H E +1,-650,0.00%,4H EW+1,-650,0,Par was bid,-,
135,2024.09.27,135,EPBot1,EPBot3,EPBot2,EPBot4,3D S +1,130,0.00%,1N NS+1,120,0,We missed best contract,+1,
136,2024.09.27,136,EPBot1,EPBot3,EPBot2,EPBot4,2S W +1,-140,0.00%,2H EW+1,-140,0,They wrong-side contract,-1,
137,2024.09.27,137,EPBot1,EPBot3,EPBot2,EPBot4,3S S =,140,0.00%,3S NS,140,0,Par was bid,-,
138,2024.09.27,138,EPBot1,EPBot3,EPBot2,EPBot4,2HX S -1,-200,0.00%,1C EW+2,-110,-3,We overbid - doubled,+2,
139,2024.09.27,139,EPBot1,EPBot3,EPBot2,EPBot4,7S N =,1510,0.00%,7N NS,1520,0,We missed best contract,-,
140,2024.09.27,140,EPBot1,EPBot3,EPBot2,EPBot4,3D S +1,130,0.00%,3H EW,-140,7,They missed partial,+1,
141,2024.09.27,141,EPBot1,EPBot3,EPBot2,EPBot4,2D E +2,-130,0.00%,1N EW+1,-120,0,They missed best contract,-1,
142,2024.09.27,142,EPBot1,EPBot3,EPBot2,EPBot4,4S S =,420,0.00%,2N N,120,7,We overbid - undoubled,+2,
143,2024.09.27,143,EPBot1,EPBot3,EPBot2,EPBot4,3N S =,600,0.00%,4H NS,620,-1,We missed best contract,-,
144,2024.09.27,144,EPBot1,EPBot3,EPBot2,EPBot4,2S E =,-110,0.00%,1N NS+1,120,-6,We missed double,-1,
145,2024.09.27,145,EPBot1,EPBot3,EPBot2,EPBot4,3N S =,400,0.00%,3N NS,400,0,Par was bid,-,
146,2024.09.27,146,EPBot1,EPBot3,EPBot2,EPBot4,1N S -1,-100,0.00%,2H NS+1,140,-6,We missed best contract,-1,
147,2024.09.27,147,EPBot1,EPBot3,EPBot2,EPBot4,3N S =,400,0.00%,3N NS+1,430,-1,Par was bid,-1,
148,2024.09.27,148,EPBot1,EPBot3,EPBot2,EPBot4,2C S +2,130,0.00%,2S NS+1,140,0,We missed best contract,-,
149,2024.09.27,149,EPBot1,EPBot3,EPBot2,EPBot4,3S N =,140,0.00%,5CX EW-2,300,-4,We missed game,-1,
150,2024.09.27,150,EPBot1,EPBot3,EPBot2,EPBot4,3N S =,400,0.00%,1N NS+1,120,7,We overbid - undoubled,+1,
151,2024.09.27,151,EPBot1,EPBot3,EPBot2,EPBot4,2S S +1,140,0.00%,2S NS,110,1,Par was bid,+1,
152,2024.09.27,152,EPBot1,EPBot3,EPBot2,EPBot4,4H S +1,450,0.00%,4H NS,420,1,Par was bid,+1,
153,2024.09.27,153,EPBot1,EPBot3,EPBot2,EPBot4,5H S =,450,0.00%,3N NS+2,460,0,We missed best contract,-,
154,2024.09.27,154,EPBot1,EPBot3,EPBot2,EPBot4,3N S =,600,0.00%,4S NS,620,-1,We missed game,+1,
155,2024.09.27,155,EPBot1,EPBot3,EPBot2,EPBot4,2H S +2,170,0.00%,5CX EW-2,300,-4,We missed game,-,
156,2024.09.27,156,EPBot1,EPBot3,EPBot2,EPBot4,4S S =,620,0.00%,4S NS,620,0,Par was bid,-,
157,2024.09.27,157,EPBot1,EPBot3,EPBot2,EPBot4,2N S =,120,0.00%,2S EW+1,-140,6,They missed double,+1,
158,2024.09.27,158,EPBot1,EPBot3,EPBot2,EPBot4,3D E -1,50,0.00%,2N NS,120,-2,We missed double,-1,
159,2024.09.27,159,EPBot1,EPBot3,EPBot2,EPBot4,1N S -1,-100,0.00%,2NX EW-1,100,-5,We missed partial,-,
160,2024.09.27,160,EPBot1,EPBot3,EPBot2,EPBot4,3N S -1,-50,0.00%,3N NS,400,-10,Par was bid,-1,
161,2024.09.27,161,EPBot1,EPBot3,EPBot2,EPBot4,5C N =,400,0.00%,3N NS+2,460,-2,We missed best contract,-,
162,2024.09.27,162,EPBot1,EPBot3,EPBot2,EPBot4,3N S +2,660,0.00%,6N NS,1440,-13,We missed small slam,-1,
163,2024.09.27,163,EPBot1,EPBot3,EPBot2,EPBot4,3N S -1,-50,0.00%,3N NS,400,-10,Par was bid,-1,
164,2024.09.27,164,EPBot1,EPBot3,EPBot2,EPBot4,3N S +2,660,0.00%,3N NS+2,660,0,Par was bid,-,
165,2024.09.27,165,EPBot1,EPBot3,EPBot2,EPBot4,4S S =,620,0.00%,5CX EW-3,500,3,They missed sacrifice,-,
166,2024.09.27,166,EPBot1,EPBot3,EPBot2,EPBot4,1N S =,90,0.00%,2D EW+2,-130,6,They missed double,+2,
167,2024.09.27,167,EPBot1,EPBot3,EPBot2,EPBot4,2S S -1,-100,0.00%,3N S,600,-12,We missed game,-2,
168,2024.09.27,168,EPBot1,EPBot3,EPBot2,EPBot4,4H S +1,450,0.00%,4D EW,-130,11,They missed double,+3,
169,2024.09.27,169,EPBot1,EPBot3,EPBot2,EPBot4,6H S =,980,0.00%,4H NS+1,450,11,We overbid - undoubled,+1,
170,2024.09.27,170,EPBot1,EPBot3,EPBot2,EPBot4,3N S -1,-100,0.00%,3N NS,600,-12,Par was bid,-1,
171,2024.09.27,171,EPBot1,EPBot3,EPBot2,EPBot4,2H W +1,-140,0.00%,3DX NS-1,-100,-1,We missed sacrifice,-1,
172,2024.09.27,172,EPBot1,EPBot3,EPBot2,EPBot4,1N S =,90,0.00%,4H NS,620,-11,We missed game,-2,
173,2024.09.27,173,EPBot1,EPBot3,EPBot2,EPBot4,4H S +1,650,0.00%,4H NS+1,650,0,Par was bid,-,
174,2024.09.27,174,EPBot1,EPBot3,EPBot2,EPBot4,1N S -1,-50,0.00%,2N E,-120,2,They missed double,+1,
175,2024.09.27,175,EPBot1,EPBot3,EPBot2,EPBot4,1N S -1,-100,0.00%,1N EW+1,-120,1,We overbid - undoubled,+1,
176,2024.09.27,176,EPBot1,EPBot3,EPBot2,EPBot4,2H W -4,400,0.00%,3N NS+1,430,-1,We missed double,+1,
177,2024.09.27,177,EPBot1,EPBot3,EPBot2,EPBot4,1N S -1,-50,0.00%,2H EW+1,-140,3,They missed partial,-,
178,2024.09.27,178,EPBot1,EPBot3,EPBot2,EPBot4,2N S =,120,0.00%,1N NS+1,120,0,Par was bid,-,
179,2024.09.27,179,EPBot1,EPBot3,EPBot2,EPBot4,3N S +1,430,0.00%,6N NS,990,-11,We missed small slam,-2,
180,2024.09.27,180,EPBot1,EPBot3,EPBot2,EPBot4,2D W +3,-150,0.00%,5D EW,-600,10,They missed game,-,
181,2024.09.27,181,EPBot1,EPBot3,EPBot2,EPBot4,3N S =,600,0.00%,4S NS,620,-1,We missed game,+2,
182,2024.09.27,182,EPBot1,EPBot3,EPBot2,EPBot4,4S S =,420,0.00%,3N S,400,1,We overbid - undoubled,+1,
183,2024.09.27,183,EPBot1,EPBot3,EPBot2,EPBot4,4S S =,620,0.00%,4S NS,620,0,Par was bid,-,
184,2024.09.27,184,EPBot1,EPBot3,EPBot2,EPBot4,3D S +1,130,0.00%,5CX EW-1,100,1,They missed partial,-,
185,2024.09.27,185,EPBot1,EPBot3,EPBot2,EPBot4,3N S +1,430,0.00%,3N NS+2,460,-1,Par was bid,-1,
186,2024.09.27,186,EPBot1,EPBot3,EPBot2,EPBot4,2S W -3,300,0.00%,2D EW,-90,9,They overbid - undoubled,+1,
187,2024.09.27,187,EPBot1,EPBot3,EPBot2,EPBot4,3N S +2,460,0.00%,3N NS+2,460,0,Par was bid,-,
188,2024.09.27,188,EPBot1,EPBot3,EPBot2,EPBot4,4S S +1,650,0.00%,4N NS+1,660,0,We missed best contract,-,
189,2024.09.27,189,EPBot1,EPBot3,EPBot2,EPBot4,1N S =,90,0.00%,1N NS,90,0,Par was bid,-,
190,2024.09.27,190,EPBot1,EPBot3,EPBot2,EPBot4,4S S +2,480,0.00%,6N NS,990,-11,We missed small slam,+2,
191,2024.09.27,191,EPBot1,EPBot3,EPBot2,EPBot4,2N S +1,150,0.00%,1H NS+2,140,0,We missed best contract,+1,
192,2024.09.27,192,EPBot1,EPBot3,EPBot2,EPBot4,1N S -1,-50,0.00%,4S EW,-620,11,They missed game,+2,
193,2024.09.27,193,EPBot1,EPBot3,EPBot2,EPBot4,4H S =,420,0.00%,4H NS,420,0,Par was bid,-,
194,2024.09.27,194,EPBot1,EPBot3,EPBot2,EPBot4,4SX W -1,100,0.00%,4S EW,-420,11,We doubled making contract,+1,
195,2024.09.27,195,EPBot1,EPBot3,EPBot2,EPBot4,1N S -1,-50,0.00%,3H EW,-140,3,They missed double,+1,
196,2024.09.27,196,EPBot1,EPBot3,EPBot2,EPBot4,2H S +2,170,0.00%,2H NS+1,140,1,Par was bid,+1,
197,2024.09.27,197,EPBot1,EPBot3,EPBot2,EPBot4,2D S -1,-100,0.00%,2H EW,-110,0,They missed double,-,
198,2024.09.27,198,EPBot1,EPBot3,EPBot2,EPBot4,1N S =,90,0.00%,1H NS+2,140,-2,We missed best contract,-1,
199,2024.09.27,199,EPBot1,EPBot3,EPBot2,EPBot4,3N S +1,630,0.00%,4S NS+1,650,-1,We missed best contract,-,
200,2024.09.27,200,EPBot1,EPBot3,EPBot2,EPBot4,3N S =,400,0.00%,3N NS,400,0,Par was bid,-,
201,2024.09.27,201,EPBot1,EPBot3,EPBot2,EPBot4,4H S =,420,0.00%,4H NS,420,0,Par was bid,-,
202,2024.09.27,202,EPBot1,EPBot3,EPBot2,EPBot4,4H S =,620,0.00%,2N S,120,11,We overbid - undoubled,+2,
203,2024.09.27,203,EPBot1,EPBot3,EPBot2,EPBot4,2N S =,120,0.00%,1N NS+1,120,0,Par was bid,-,
204,2024.09.27,204,EPBot1,EPBot3,EPBot2,EPBot4,1N S -2,-200,0.00%,3D NS,110,-7,We missed best contract,-2,
205,2024.09.27,205,EPBot1,EPBot3,EPBot2,EPBot4,3N S +2,660,0.00%,3N NS+2,660,0,Par was bid,-,
206,2024.09.27,206,EPBot1,EPBot3,EPBot2,EPBot4,3H W +1,-170,0.00%,4H EW,-420,6,They missed game,-,
207,2024.09.27,207,EPBot1,EPBot3,EPBot2,EPBot4,1N S =,90,0.00%,3C E,-110,5,We missed partial,+2,
208,2024.09.27,208,EPBot1,EPBot3,EPBot2,EPBot4,4S N =,420,0.00%,4H NS,420,0,Par was bid,-,
209,2024.09.27,209,EPBot1,EPBot3,EPBot2,EPBot4,2SX N =,470,0.00%,2H S,110,8,We overbid - doubled,+1,
210,2024.09.27,210,EPBot1,EPBot3,EPBot2,EPBot4,1D S -2,-200,0.00%,3SX EW-1,100,-7,We missed best contract,-3,
211,2024.09.27,211,EPBot1,EPBot3,EPBot2,EPBot4,5HX S -2,-300,0.00%,2NX NS-1,-100,-5,We overbid - doubled,+1,
212,2024.09.27,212,EPBot1,EPBot3,EPBot2,EPBot4,1N S =,90,0.00%,3N NS+1,630,-11,We missed game,-3,
213,2024.09.27,213,EPBot1,EPBot3,EPBot2,EPBot4,2N S =,120,0.00%,3N NS,600,-10,We missed game,-1,
214,2024.09.27,214,EPBot1,EPBot3,EPBot2,EPBot4,1N S =,90,0.00%,2C EW,-90,5,They missed partial,-,
215,2024.09.27,215,EPBot1,EPBot3,EPBot2,EPBot4,4H S =,620,0.00%,5DX EW-1,200,9,They missed sacrifice,-,
216,2024.09.27,216,EPBot1,EPBot3,EPBot2,EPBot4,3N S =,400,0.00%,3N NS+1,430,-1,Par was bid,-1,
217,2024.09.27,217,EPBot1,EPBot3,EPBot2,EPBot4,5C N =,400,0.00%,3NX NS-1,-100,11,They missed double,+2,
218,2024.09.27,218,EPBot1,EPBot3,EPBot2,EPBot4,4H N +1,650,0.00%,4CX E-2,500,4,We overbid - undoubled,+2,
219,2024.09.27,219,EPBot1,EPBot3,EPBot2,EPBot4,3N S +2,460,0.00%,6N NS,990,-11,We missed small slam,-1,
220,2024.09.27,220,EPBot1,EPBot3,EPBot2,EPBot4,6N S =,1440,0.00%,3N NS+2,660,13,We overbid - undoubled,+1,
221,2024.09.27,221,EPBot1,EPBot3,EPBot2,EPBot4,3N S =,600,0.00%,3N S,600,0,Par was bid,-,
222,2024.09.27,222,EPBot1,EPBot3,EPBot2,EPBot4,3N S =,400,0.00%,3S NS,140,6,We overbid - undoubled,+1,
223,2024.09.27,223,EPBot1,EPBot3,EPBot2,EPBot4,1N S =,90,0.00%,1N NS,90,0,Par was bid,-,
224,2024.09.27,224,EPBot1,EPBot3,EPBot2,EPBot4,4S S +1,450,0.00%,4S NS+1,450,0,Par was bid,-,
225,2024.09.27,225,EPBot1,EPBot3,EPBot2,EPBot4,2H E -3,150,0.00%,2N NS,120,1,They missed sacrifice,-,
226,2024.09.27,226,EPBot1,EPBot3,EPBot2,EPBot4,2H E =,-110,0.00%,3C NS+1,130,-6,We missed partial,-1,
227,2024.09.27,227,EPBot1,EPBot3,EPBot2,EPBot4,3N S =,400,0.00%,3N NS,400,0,Par was bid,-,
228,2024.09.27,228,EPBot1,EPBot3,EPBot2,EPBot4,3D S +1,130,0.00%,3D NS+1,130,0,Par was bid,-,
229,2024.09.27,229,EPBot1,EPBot3,EPBot2,EPBot4,3N S =,600,0.00%,3H NS,140,10,We overbid - undoubled,+1,
230,2024.09.27,230,EPBot1,EPBot3,EPBot2,EPBot4,3N S =,400,0.00%,3N NS+1,430,-1,Par was bid,-1,
231,2024.09.27,231,EPBot1,EPBot3,EPBot2,EPBot4,3N S +1,630,0.00%,3N NS+1,630,0,Par was bid,-,
232,2024.09.27,232,EPBot1,EPBot3,EPBot2,EPBot4,5S S +1,480,0.00%,6N S,990,-11,We missed small slam,-,
233,2024.09.27,233,EPBot1,EPBot3,EPBot2,EPBot4,2H S +2,170,0.00%,4H N,420,-6,We missed game,+1,
234,2024.09.27,234,EPBot1,EPBot3,EPBot2,EPBot4,3N S +1,630,0.00%,4H NS+1,650,-1,We missed game,+2,
235,2024.09.27,235,EPBot1,EPBot3,EPBot2,EPBot4,6S S +1,1010,0.00%,7S NS,1510,-11,We missed grand slam,-,
236,2024.09.27,236,EPBot1,EPBot3,EPBot2,EPBot4,4H S +1,650,0.00%,3SX EW-1,100,11,We overbid - undoubled,+2,
237,2024.09.27,237,EPBot1,EPBot3,EPBot2,EPBot4,3N S =,600,0.00%,3N NS+1,630,-1,Par was bid,-1,
238,2024.09.27,238,EPBot1,EPBot3,EPBot2,EPBot4,4C S +1,150,0.00%,5SX EW-2,300,-4,We missed game,-,
239,2024.09.27,239,EPBot1,EPBot3,EPBot2,EPBot4,3N S +1,630,0.00%,3N N+1,630,0,We wrong-side contract,+1,
240,2024.09.27,240,EPBot1,EPBot3,EPBot2,EPBot4,1N S -1,-50,0.00%,2S EW,-110,2,They missed partial,-,
241,2024.09.27,241,EPBot1,EPBot3,EPBot2,EPBot4,2N S =,120,0.00%,1S NS+1,110,0,We overbid - undoubled,+1,
242,2024.09.27,242,EPBot1,EPBot3,EPBot2,EPBot4,4H S +1,650,0.00%,4H NS,620,1,Par was bid,+1,
243,2024.09.27,243,EPBot1,EPBot3,EPBot2,EPBot4,1N S =,90,0.00%,3N NS,400,-7,We missed game,-2,
244,2024.09.27,244,EPBot1,EPBot3,EPBot2,EPBot4,6S S =,1430,0.00%,7S NS,2210,-13,We missed grand slam,-1,
245,2024.09.27,245,EPBot1,EPBot3,EPBot2,EPBot4,4H N +1,650,0.00%,6N S,1440,-13,We missed small slam,+1,
246,2024.09.27,246,EPBot1,EPBot3,EPBot2,EPBot4,3C S =,110,0.00%,3N NS,400,-7,We missed game,-,
247,2024.09.27,247,EPBot1,EPBot3,EPBot2,EPBot4,3N S +2,660,0.00%,6N NS,1440,-13,We missed small slam,-1,
248,2024.09.27,248,EPBot1,EPBot3,EPBot2,EPBot4,3N S +2,460,0.00%,6N NS,990,-11,We missed small slam,-1,
249,2024.09.27,249,EPBot1,EPBot3,EPBot2,EPBot4,1N S -2,-100,0.00%,2C EW+2,-130,1,They missed double,-,
250,2024.09.27,250,EPBot1,EPBot3,EPBot2,EPBot4,1N S +2,150,0.00%,3N NS+1,630,-10,We missed game,-1,
251,2024.09.27,251,EPBot1,EPBot3,EPBot2,EPBot4,3N S -1,-50,0.00%,2H NS+1,140,-5,We missed partial,-,
252,2024.09.27,252,EPBot1,EPBot3,EPBot2,EPBot4,4S S +2,680,0.00%,4S NS+1,650,1,Par was bid,+1,
253,2024.09.27,253,EPBot1,EPBot3,EPBot2,EPBot4,3N S =,600,0.00%,3N S,600,0,Par was bid,-,
254,2024.09.27,254,EPBot1,EPBot3,EPBot2,EPBot4,4S S +1,450,0.00%,3N NS+2,460,0,We missed best contract,-,
255,2024.09.27,255,EPBot1,EPBot3,EPBot2,EPBot4,4H S =,620,0.00%,4SX EW-2,300,8,They missed sacrifice,-,
256,2024.09.27,256,EPBot1,EPBot3,EPBot2,EPBot4,3N S +1,430,0.00%,3N NS+1,430,0,Par was bid,-,
257,2024.09.27,257,EPBot1,EPBot3,EPBot2,EPBot4,3C N -1,-50,0.00%,3C NS,110,-4,Par was bid,-1,
258,2024.09.27,258,EPBot1,EPBot3,EPBot2,EPBot4,3N S +1,630,0.00%,3N S+2,660,-1,Par was bid,-1,
259,2024.09.27,259,EPBot1,EPBot3,EPBot2,EPBot4,3C S +1,130,0.00%,1N NS+1,120,0,We missed best contract,+1,
260,2024.09.27,260,EPBot1,EPBot3,EPBot2,EPBot4,1N S +1,120,0.00%,2N NS,120,0,They missed partial,-,
261,2024.09.27,261,EPBot1,EPBot3,EPBot2,EPBot4,1N S -1,-100,0.00%,3N E+1,-430,8,They missed double,+3,
262,2024.09.27,262,EPBot1,EPBot3,EPBot2,EPBot4,1N S -1,-50,0.00%,2S EW,-110,2,They missed double,+1,
263,2024.09.27,263,EPBot1,EPBot3,EPBot2,EPBot4,3D E +1,-130,0.00%,3D EW+1,-130,0,Par was bid,-,
264,2024.09.27,264,EPBot1,EPBot3,EPBot2,EPBot4,5D S =,400,0.00%,4H NS,420,-1,We missed best contract,-,
265,2024.09.27,265,EPBot1,EPBot3,EPBot2,EPBot4,3H S +1,170,0.00%,4D EW,-130,7,They missed partial,+2,
266,2024.09.27,266,EPBot1,EPBot3,EPBot2,EPBot4,4H S =,620,0.00%,4H NS,620,0,Par was bid,-,
267,2024.09.27,267,EPBot1,EPBot3,EPBot2,EPBot4,4H S +1,450,0.00%,4H NS,420,1,Par was bid,+1,
268,2024.09.27,268,EPBot1,EPBot3,EPBot2,EPBot4,1N S -1,-100,0.00%,3H EW,-140,1,They missed partial,-2,
269,2024.09.27,269,EPBot1,EPBot3,EPBot2,EPBot4,4H S =,620,0.00%,4H NS,620,0,Par was bid,-,
270,2024.09.27,270,EPBot1,EPBot3,EPBot2,EPBot4,2N S =,120,0.00%,3N NS,400,-7,We missed game,-1,
271,2024.09.27,271,EPBot1,EPBot3,EPBot2,EPBot4,4H S +1,650,0.00%,3N NS+2,660,0,We missed best contract,-,
272,2024.09.27,272,EPBot1,EPBot3,EPBot2,EPBot4,1N S +1,120,0.00%,4S NS,420,-7,We missed game,-,
273,2024.09.27,273,EPBot1,EPBot3,EPBot2,EPBot4,4H S +2,480,0.00%,4H NS+1,450,1,Par was bid,+1,
274,2024.09.27,274,EPBot1,EPBot3,EPBot2,EPBot4,3N S +1,630,0.00%,3N NS+2,660,-1,Par was bid,-1,
275,2024.09.27,275,EPBot1,EPBot3,EPBot2,EPBot4,3N S =,400,0.00%,3N NS,400,0,Par was bid,-,
276,2024.09.27,276,EPBot1,EPBot3,EPBot2,EPBot4,1N S =,90,0.00%,4SX NS-2,-500,11,They missed game,+2,
277,2024.09.27,277,EPBot1,EPBot3,EPBot2,EPBot4,1N S -1,-100,0.00%,2H EW,-110,0,They missed double,-,
278,2024.09.27,278,EPBot1,EPBot3,EPBot2,EPBot4,3S S -1,-50,0.00%,3SX NS-1,-100,2,They missed double,-,
279,2024.09.27,279,EPBot1,EPBot3,EPBot2,EPBot4,1N S -3,-300,0.00%,2H EW+1,-140,-4,We missed partial,-,
280,2024.09.27,280,EPBot1,EPBot3,EPBot2,EPBot4,3N S =,400,0.00%,3N NS+1,430,-1,Par was bid,-1,
281,2024.09.27,281,EPBot1,EPBot3,EPBot2,EPBot4,4H S +1,450,0.00%,4H NS+1,450,0,Par was bid,-,
282,2024.09.27,282,EPBot1,EPBot3,EPBot2,EPBot4,4S S -1,-100,0.00%,4S NS,620,-12,Par was bid,-1,
283,2024.09.27,283,EPBot1,EPBot3,EPBot2,EPBot4,3N S =,400,0.00%,4H NS,420,-1,We missed game,+1,
284,2024.09.27,284,EPBot1,EPBot3,EPBot2,EPBot4,3N S =,600,0.00%,3N NS+2,660,-2,Par was bid,-2,
285,2024.09.27,285,EPBot1,EPBot3,EPBot2,EPBot4,3N S +1,630,0.00%,6N NS,1440,-13,We missed small slam,-2,
286,2024.09.27,286,EPBot1,EPBot3,EPBot2,EPBot4,4S W =,-420,0.00%,5CX NS-2,-300,-3,We missed sacrifice,-,
287,2024.09.27,287,EPBot1,EPBot3,EPBot2,EPBot4,4H S +1,650,0.00%,3N S+1,630,1,We missed best contract,+1,
288,2024.09.27,288,EPBot1,EPBot3,EPBot2,EPBot4,6S S =,980,0.00%,7S NS,1510,-11,We missed grand slam,-1,
289,2024.09.27,289,EPBot1,EPBot3,EPBot2,EPBot4,2H S +1,140,0.00%,2NX NS-1,-100,6,They missed partial,+1,
290,2024.09.27,290,EPBot1,EPBot3,EPBot2,EPBot4,3N S +1,630,0.00%,3N NS+2,660,-1,Par was bid,-1,
291,2024.09.27,291,EPBot1,EPBot3,EPBot2,EPBot4,1N S +1,120,0.00%,1N NS+1,120,0,Par was bid,-,
292,2024.09.27,292,EPBot1,EPBot3,EPBot2,EPBot4,2H S +1,140,0.00%,1D EW+3,-130,7,We overbid - undoubled,+3,
293,2024.09.27,293,EPBot1,EPBot3,EPBot2,EPBot4,2D E +1,-110,0.00%,3N EW,-400,7,They missed game,+1,
294,2024.09.27,294,EPBot1,EPBot3,EPBot2,EPBot4,1N S -1,-50,0.00%,2S NS,110,-4,We missed partial,+1,
295,2024.09.27,295,EPBot1,EPBot3,EPBot2,EPBot4,3N S -1,-100,0.00%,1H NS+2,140,-6,We overbid - undoubled,+1,
296,2024.09.27,296,EPBot1,EPBot3,EPBot2,EPBot4,2S S +2,170,0.00%,3N NS+2,460,-7,We missed game,-1,
297,2024.09.27,297,EPBot1,EPBot3,EPBot2,EPBot4,3N S =,400,0.00%,3N S,400,0,Par was bid,-,
298,2024.09.27,298,EPBot1,EPBot3,EPBot2,EPBot4,3N S -1,-100,0.00%,3N NS,600,-12,Par was bid,-1,
299,2024.09.27,299,EPBot1,EPBot3,EPBot2,EPBot4,1N S -1,-50,0.00%,1N EW+1,-120,2,They missed double,+1,
300,2024.09.27,300,EPBot1,EPBot3,EPBot2,EPBot4,6N S =,1440,0.00%,7N NS,2220,-13,We missed grand slam,-1,
301,2024.09.27,301,EPBot1,EPBot3,EPBot2,EPBot4,3N S +1,630,0.00%,2C NS+1,110,11,We overbid - undoubled,+5,
302,2024.09.27,302,EPBot1,EPBot3,EPBot2,EPBot4,4H N =,420,0.00%,4H NS,420,0,Par was bid,-,
303,2024.09.27,303,EPBot1,EPBot3,EPBot2,EPBot4,6S N -1,-100,0.00%,3N NS+2,660,-13,We overbid - undoubled,-,
304,2024.09.27,304,EPBot1,EPBot3,EPBot2,EPBot4,3N S =,400,0.00%,2H NS+1,140,6,We missed partial,+1,
305,2024.09.27,305,EPBot1,EPBot3,EPBot2,EPBot4,4S S +1,450,0.00%,6S NS,980,-11,We missed small slam,-1,
306,2024.09.27,306,EPBot1,EPBot3,EPBot2,EPBot4,2D W =,-90,0.00%,2N NS,120,-5,We missed partial,-1,
307,2024.09.27,307,EPBot1,EPBot3,EPBot2,EPBot4,6S S -1,-50,0.00%,4S NS,420,-10,We overbid - undoubled,+1,
308,2024.09.27,308,EPBot1,EPBot3,EPBot2,EPBot4,2N S =,120,0.00%,3S EW,-140,6,We missed partial,+2,
309,2024.09.27,309,EPBot1,EPBot3,EPBot2,EPBot4,3S W +1,-170,0.00%,4S EW,-420,6,They missed game,-,
310,2024.09.27,310,EPBot1,EPBot3,EPBot2,EPBot4,3N S -1,-50,0.00%,1N NS+1,120,-5,We overbid - undoubled,-,
311,2024.09.27,311,EPBot1,EPBot3,EPBot2,EPBot4,1N S +1,120,0.00%,1N NS+1,120,0,Par was bid,-,
312,2024.09.27,312,EPBot1,EPBot3,EPBot2,EPBot4,3N S -1,-50,0.00%,5D NS,400,-10,We missed game,-,
313,2024.09.27,313,EPBot1,EPBot3,EPBot2,EPBot4,1N S +1,120,0.00%,4H NS,420,-7,We missed game,-1,
314,2024.09.27,314,EPBot1,EPBot3,EPBot2,EPBot4,1N S -1,-100,0.00%,1S EW+2,-140,1,We overbid - undoubled,+1,
315,2024.09.27,315,EPBot1,EPBot3,EPBot2,EPBot4,1N S +1,120,0.00%,1N NS,90,1,Par was bid,+1,
316,2024.09.27,316,EPBot1,EPBot3,EPBot2,EPBot4,1N S =,90,0.00%,2S NS,110,-1,We missed best contract,-,
317,2024.09.27,317,EPBot1,EPBot3,EPBot2,EPBot4,1N S +1,120,0.00%,2H EW+1,-140,6,They missed double,+2,
318,2024.09.27,318,EPBot1,EPBot3,EPBot2,EPBot4,3H N -2,-100,0.00%,2S EW+1,-140,1,They missed double,-,
319,2024.09.27,319,EPBot1,EPBot3,EPBot2,EPBot4,1N S -1,-100,0.00%,2S EW,-110,0,They missed partial,-1,
320,2024.09.27,320,EPBot1,EPBot3,EPBot2,EPBot4,4H S =,420,0.00%,4H NS+1,450,-1,Par was bid,-1,
321,2024.09.27,321,EPBot1,EPBot3,EPBot2,EPBot4,2H W +1,-140,0.00%,2SX NS-1,-100,-1,We missed sacrifice,-1,
322,2024.09.27,322,EPBot1,EPBot3,EPBot2,EPBot4,4H S +2,680,0.00%,4H NS+1,650,1,Par was bid,+1,
323,2024.09.27,323,EPBot1,EPBot3,EPBot2,EPBot4,3D N -1,-50,0.00%,1N EW,-90,1,We overbid - undoubled,+1,
324,2024.09.27,324,EPBot1,EPBot3,EPBot2,EPBot4,6N S =,1440,0.00%,6N NS,1440,0,Par was bid,-,
325,2024.09.27,325,EPBot1,EPBot3,EPBot2,EPBot4,4H S =,620,0.00%,4H NS,620,0,Par was bid,-,
326,2024.09.27,326,EPBot1,EPBot3,EPBot2,EPBot4,4H S +1,450,0.00%,4H NS+1,450,0,Par was bid,-,
327,2024.09.27,327,EPBot1,EPBot3,EPBot2,EPBot4,6S S =,1430,0.00%,7N NS,2220,-13,We missed grand slam,-1,
328,2024.09.27,328,EPBot1,EPBot3,EPBot2,EPBot4,4H S =,420,0.00%,4H NS,420,0,Par was bid,-,
329,2024.09.27,329,EPBot1,EPBot3,EPBot2,EPBot4,3H N +1,170,0.00%,4H NS,420,-6,We missed game,-,
330,2024.09.27,330,EPBot1,EPBot3,EPBot2,EPBot4,1N S -1,-100,0.00%,1H EW+1,-110,0,They missed double,-,
331,2024.09.27,331,EPBot1,EPBot3,EPBot2,EPBot4,3S S -1,-50,0.00%,1H NS+2,140,-5,Par was bid,-1,
332,2024.09.27,332,EPBot1,EPBot3,EPBot2,EPBot4,4H N +1,650,0.00%,5SX EW-1,100,11,They missed game,-,
333,2024.09.27,333,EPBot1,EPBot3,EPBot2,EPBot4,3N S =,600,0.00%,3N NS,600,0,Par was bid,-,
334,2024.09.27,334,EPBot1,EPBot3,EPBot2,EPBot4,2S S +1,140,0.00%,3CX EW-1,100,1,They missed sacrifice,+1,
335,2024.09.27,335,EPBot1,EPBot3,EPBot2,EPBot4,3S N =,140,0.00%,4S NS,620,-10,We missed game,-1,
336,2024.09.27,336,EPBot1,EPBot3,EPBot2,EPBot4,6H S =,980,0.00%,6N S,990,0,We missed best contract,-,
337,2024.09.27,337,EPBot1,EPBot3,EPBot2,EPBot4,3N S +3,490,0.00%,6H S,980,-10,We missed small slam,+1,
338,2024.09.27,338,EPBot1,EPBot3,EPBot2,EPBot4,6H S =,1430,0.00%,6N NS,1440,0,We missed small slam,+1,
339,2024.09.27,339,EPBot1,EPBot3,EPBot2,EPBot4,3N S +1,430,0.00%,3N NS,400,1,Par was bid,+1,
340,2024.09.27,340,EPBot1,EPBot3,EPBot2,EPBot4,4H S +2,680,0.00%,6DX EW-4,1100,-9,We missed small slam,+1,
341,2024.09.27,341,EPBot1,EPBot3,EPBot2,EPBot4,6H S =,1430,0.00%,6SX EW-6,1400,1,We wrong-side contract,+1,
342,2024.09.27,342,EPBot1,EPBot3,EPBot2,EPBot4,4H S +1,450,0.00%,4H NS,420,1,Par was bid,+1,
343,2024.09.27,343,EPBot1,EPBot3,EPBot2,EPBot4,2N S =,120,0.00%,2S EW+1,-140,6,We overbid - undoubled,+2,
344,2024.09.27,344,EPBot1,EPBot3,EPBot2,EPBot4,4H S +1,450,0.00%,6N NS,990,-11,We missed small slam,-,
345,2024.09.27,345,EPBot1,EPBot3,EPBot2,EPBot4,6N S =,990,0.00%,6N NS,990,0,Par was bid,-,
346,2024.09.27,346,EPBot1,EPBot3,EPBot2,EPBot4,4S S =,620,0.00%,4S NS,620,0,Par was bid,-,
347,2024.09.27,347,EPBot1,EPBot3,EPBot2,EPBot4,3H N =,140,0.00%,3SX E-1,100,1,They missed sacrifice,-,
348,2024.09.27,348,EPBot1,EPBot3,EPBot2,EPBot4,2H W =,-110,0.00%,3N EW,-400,7,They missed game,+1,
349,2024.09.27,349,EPBot1,EPBot3,EPBot2,EPBot4,3D E +2,-150,0.00%,5S EW,-650,11,They missed game,-1,
350,2024.09.27,350,EPBot1,EPBot3,EPBot2,EPBot4,4S S +1,450,0.00%,4S NS+1,450,0,Par was bid,-,
351,2024.09.27,351,EPBot1,EPBot3,EPBot2,EPBot4,2S S =,110,0.00%,3S S,140,-1,They missed sacrifice,-1,
352,2024.09.27,352,EPBot1,EPBot3,EPBot2,EPBot4,4H S =,420,0.00%,4H NS+1,450,-1,Par was bid,-1,
353,2024.09.27,353,EPBot1,EPBot3,EPBot2,EPBot4,1N S =,90,0.00%,3DX EW-1,100,0,We missed best contract,-,
354,2024.09.27,354,EPBot1,EPBot3,EPBot2,EPBot4,6H S =,1430,0.00%,6N NS,1440,0,We missed best contract,-,
355,2024.09.27,355,EPBot1,EPBot3,EPBot2,EPBot4,3N S =,400,0.00%,1N NS+1,120,7,We overbid - undoubled,+1,
356,2024.09.27,356,EPBot1,EPBot3,EPBot2,EPBot4,3N S +1,630,0.00%,3N NS+2,660,-1,Par was bid,-1,
357,2024.09.27,357,EPBot1,EPBot3,EPBot2,EPBot4,3N S =,600,0.00%,3C NS,110,10,We overbid - undoubled,+3,
358,2024.09.27,358,EPBot1,EPBot3,EPBot2,EPBot4,4S S =,420,0.00%,4S N,420,0,We wrong-side contract,+1,
359,2024.09.27,359,EPBot1,EPBot3,EPBot2,EPBot4,2S S +1,140,0.00%,2S NS,110,1,Par was bid,+1,
360,2024.09.27,360,EPBot1,EPBot3,EPBot2,EPBot4,1N S -1,-50,0.00%,2S NS+1,140,-5,We missed best contract,-1,
361,2024.09.27,361,EPBot1,EPBot3,EPBot2,EPBot4,4H S +1,450,0.00%,4H NS+1,450,0,Par was bid,-,
362,2024.09.27,362,EPBot1,EPBot3,EPBot2,EPBot4,4S S +1,650,0.00%,4S NS+1,650,0,Par was bid,-,
363,2024.09.27,363,EPBot1,EPBot3,EPBot2,EPBot4,4H E =,-420,0.00%,4H EW,-420,0,Par was bid,-,
364,2024.09.27,364,EPBot1,EPBot3,EPBot2,EPBot4,2H S +1,140,0.00%,2H NS+1,140,0,Par was bid,-,
365,2024.09.27,365,EPBot1,EPBot3,EPBot2,EPBot4,2S S =,110,0.00%,1N NS,90,1,We overbid - undoubled,+1,
366,2024.09.27,366,EPBot1,EPBot3,EPBot2,EPBot4,3N S +1,430,0.00%,6C NS,920,-10,We missed small slam,-1,
367,2024.09.27,367,EPBot1,EPBot3,EPBot2,EPBot4,4H S =,620,0.00%,1H NS+2,140,10,We overbid - undoubled,+1,
368,2024.09.27,368,EPBot1,EPBot3,EPBot2,EPBot4,4H S =,420,0.00%,3N NS+2,460,-1,We missed best contract,-1,
369,2024.09.27,369,EPBot1,EPBot3,EPBot2,EPBot4,3D E -1,50,0.00%,2H NS+1,140,-3,We missed double,-1,
370,2024.09.27,370,EPBot1,EPBot3,EPBot2,EPBot4,3N S +1,630,0.00%,3N NS+2,660,-1,Par was bid,-1,
371,2024.09.27,371,EPBot1,EPBot3,EPBot2,EPBot4,1N S -1,-50,0.00%,3SX NS-1,-100,2,They missed partial,-,
372,2024.09.27,372,EPBot1,EPBot3,EPBot2,EPBot4,4S S =,620,0.00%,4S NS,620,0,Par was bid,-,
373,2024.09.27,373,EPBot1,EPBot3,EPBot2,EPBot4,1N S -2,-200,0.00%,1N E+1,-120,-2,We overbid - undoubled,+2,
374,2024.09.27,374,EPBot1,EPBot3,EPBot2,EPBot4,3N S -1,-50,0.00%,3N NS,400,-10,Par was bid,-1,
375,2024.09.27,375,EPBot1,EPBot3,EPBot2,EPBot4,4H S =,620,0.00%,4H NS+1,650,-1,Par was bid,-1,
376,2024.09.27,376,EPBot1,EPBot3,EPBot2,EPBot4,5H S +1,480,0.00%,7DX EW-3,500,-1,We missed small slam,-,
377,2024.09.27,377,EPBot1,EPBot3,EPBot2,EPBot4,3N S +1,430,0.00%,4H NS,420,0,We missed best contract,+1,
378,2024.09.27,378,EPBot1,EPBot3,EPBot2,EPBot4,4H S +1,650,0.00%,4H NS+1,650,0,Par was bid,-,
379,2024.09.27,379,EPBot1,EPBot3,EPBot2,EPBot4,4H E =,-420,0.00%,5H EW,-450,1,We missed sacrifice,+1,
380,2024.09.27,380,EPBot1,EPBot3,EPBot2,EPBot4,3C S =,110,0.00%,4S EW,-420,11,They missed game,+1,
381,2024.09.27,381,EPBot1,EPBot3,EPBot2,EPBot4,1N S =,90,0.00%,1H NS+2,140,-2,We missed best contract,-1,
382,2024.09.27,382,EPBot1,EPBot3,EPBot2,EPBot4,3N S +1,430,0.00%,4N NS+1,460,-1,They missed sacrifice,-1,
383,2024.09.27,383,EPBot1,EPBot3,EPBot2,EPBot4,3N S =,600,0.00%,1N NS+1,120,10,We overbid - undoubled,+1,
384,2024.09.27,384,EPBot1,EPBot3,EPBot2,EPBot4,2S E =,-110,0.00%,1H E+2,-140,1,Par was bid,+1,
385,2024.09.27,385,EPBot1,EPBot3,EPBot2,EPBot4,3D E +1,-130,0.00%,3HX NS-1,-100,-1,We missed sacrifice,-1,
386,2024.09.27,386,EPBot1,EPBot3,EPBot2,EPBot4,4H S +1,650,0.00%,4H NS+1,650,0,Par was bid,-,
387,2024.09.27,387,EPBot1,EPBot3,EPBot2,EPBot4,1N S =,90,0.00%,1N NS+1,120,-1,Par was bid,-1,
388,2024.09.27,388,EPBot1,EPBot3,EPBot2,EPBot4,2S S +1,140,0.00%,1S NS+2,140,0,Par was bid,-,
389,2024.09.27,389,EPBot1,EPBot3,EPBot2,EPBot4,5C S -1,-100,0.00%,3SX EW-1,100,-5,We overbid - undoubled,+1,
390,2024.09.27,390,EPBot1,EPBot3,EPBot2,EPBot4,2H S +1,140,0.00%,4DX NS-1,-100,6,They missed partial,-,
391,2024.09.27,391,EPBot1,EPBot3,EPBot2,EPBot4,1N S =,90,0.00%,2H EW,-110,5,They missed partial,-,
392,2024.09.27,392,EPBot1,EPBot3,EPBot2,EPBot4,1N S +1,120,0.00%,1N NS,90,1,Par was bid,+1,
393,2024.09.27,393,EPBot1,EPBot3,EPBot2,EPBot4,3H S =,140,0.00%,4H NS,420,-7,We missed game,-1,
394,2024.09.27,394,EPBot1,EPBot3,EPBot2,EPBot4,3N S =,600,0.00%,3N NS+1,630,-1,Par was bid,-1,
395,2024.09.27,395,EPBot1,EPBot3,EPBot2,EPBot4,4S N -1,-50,0.00%,2S NS,110,-4,We overbid - undoubled,+1,
396,2024.09.27,396,EPBot1,EPBot3,EPBot2,EPBot4,4S S +1,650,0.00%,6DX EW-2,300,8,They missed sacrifice,+1,
397,2024.09.27,397,EPBot1,EPBot3,EPBot2,EPBot4,3N S =,600,0.00%,1H NS+2,140,10,We overbid - undoubled,+1,
398,2024.09.27,398,EPBot1,EPBot3,EPBot2,EPBot4,3D E =,-110,0.00%,4S EW+1,-450,8,They missed game,+1,
399,2024.09.27,399,EPBot1,EPBot3,EPBot2,EPBot4,2N S -1,-100,0.00%,2S EW,-110,0,They missed double,-,
400,2024.09.27,400,EPBot1,EPBot3,EPBot2,EPBot4,3D S -1,-50,0.00%,2SX NS-1,-100,2,We overbid - undoubled,+2,
401,2024.09.27,401,EPBot1,EPBot3,EPBot2,EPBot4,4S S =,420,0.00%,4DX W-2,300,3,We overbid - undoubled,+1,
402,2024.09.27,402,EPBot1,EPBot3,EPBot2,EPBot4,3N S +1,630,0.00%,1H NS+2,140,10,We missed partial,+2,
403,2024.09.27,403,EPBot1,EPBot3,EPBot2,EPBot4,4H S -1,-50,0.00%,3N NS+1,430,-10,We missed best contract,-1,
404,2024.09.27,404,EPBot1,EPBot3,EPBot2,EPBot4,3N S =,600,0.00%,3N NS+1,630,-1,Par was bid,-1,
405,2024.09.27,405,EPBot1,EPBot3,EPBot2,EPBot4,2N S =,120,0.00%,1D NS+2,110,0,We missed partial,+1,
406,2024.09.27,406,EPBot1,EPBot3,EPBot2,EPBot4,4S S +1,450,0.00%,7N NS,1520,-14,We missed grand slam,-2,
407,2024.09.27,407,EPBot1,EPBot3,EPBot2,EPBot4,1N S +1,120,0.00%,1N NS+1,120,0,Par was bid,-,
408,2024.09.27,408,EPBot1,EPBot3,EPBot2,EPBot4,2D S +3,150,0.00%,7D NS,1440,-15,We missed grand slam,-2,
409,2024.09.27,409,EPBot1,EPBot3,EPBot2,EPBot4,3N S +3,490,0.00%,6N NS,990,-11,We missed small slam,-,
410,2024.09.27,410,EPBot1,EPBot3,EPBot2,EPBot4,2S S =,110,0.00%,1H NS+2,140,-1,We missed best contract,-,
411,2024.09.27,411,EPBot1,EPBot3,EPBot2,EPBot4,5D E +1,-420,0.00%,4H EW,-420,0,They missed best contract,-1,
412,2024.09.27,412,EPBot1,EPBot3,EPBot2,EPBot4,3N S +1,630,0.00%,3N NS+1,630,0,Par was bid,-,
413,2024.09.27,413,EPBot1,EPBot3,EPBot2,EPBot4,4S N +1,650,0.00%,3N NS+2,660,0,We missed best contract,-,
414,2024.09.27,414,EPBot1,EPBot3,EPBot2,EPBot4,2S E -3,150,0.00%,1H NS+2,140,0,They overbid - undoubled,-,
415,2024.09.27,415,EPBot1,EPBot3,EPBot2,EPBot4,4H S +1,650,0.00%,4N NS,630,1,We missed best contract,+1,
416,2024.09.27,416,EPBot1,EPBot3,EPBot2,EPBot4,1N S =,90,0.00%,3C NS+1,130,-1,We missed best contract,-1,
417,2024.09.27,417,EPBot1,EPBot3,EPBot2,EPBot4,2N S +1,150,0.00%,3D NS+1,130,1,We missed best contract,+1,
418,2024.09.27,418,EPBot1,EPBot3,EPBot2,EPBot4,5S S +1,680,0.00%,7N NS,2220,-17,We missed grand slam,-1,
419,2024.09.27,419,EPBot1,EPBot3,EPBot2,EPBot4,4C N =,130,0.00%,2H NS+1,140,0,We missed best contract,-,
420,2024.09.27,420,EPBot1,EPBot3,EPBot2,EPBot4,5C S =,600,0.00%,3N NS+1,630,-1,We missed best contract,-,
421,2024.09.27,421,EPBot1,EPBot3,EPBot2,EPBot4,4S S +1,650,0.00%,4N NS+1,660,0,We missed best contract,+1,
422,2024.09.27,422,EPBot1,EPBot3,EPBot2,EPBot4,2N S =,120,0.00%,1H NS+1,110,0,We overbid - undoubled,+1,
423,2024.09.27,423,EPBot1,EPBot3,EPBot2,EPBot4,3N S =,600,0.00%,3N NS+1,630,-1,Par was bid,-1,
424,2024.09.27,424,EPBot1,EPBot3,EPBot2,EPBot4,2HX E -2,300,0.00%,2C S,90,5,They overbid - doubled,+1,
425,2024.09.27,425,EPBot1,EPBot3,EPBot2,EPBot4,3N S +1,430,0.00%,2H NS+1,140,7,We missed partial,+2,
426,2024.09.27,426,EPBot1,EPBot3,EPBot2,EPBot4,4S S +1,650,0.00%,6S NS,1430,-13,We missed small slam,-1,
427,2024.09.27,427,EPBot1,EPBot3,EPBot2,EPBot4,4S S =,420,0.00%,4S NS,420,0,Par was bid,-,
428,2024.09.27,428,EPBot1,EPBot3,EPBot2,EPBot4,4H S =,620,0.00%,4H NS+1,650,-1,Par was bid,-1,
429,2024.09.27,429,EPBot1,EPBot3,EPBot2,EPBot4,4H S +1,650,0.00%,1H NS+2,140,11,We overbid - undoubled,+2,
430,2024.09.27,430,EPBot1,EPBot3,EPBot2,EPBot4,2H E -1,50,0.00%,3SX EW-1,100,-2,We missed partial,-,
431,2024.09.27,431,EPBot1,EPBot3,EPBot2,EPBot4,2D W =,-90,0.00%,3H NS,140,-6,We missed partial,-,
432,2024.09.27,432,EPBot1,EPBot3,EPBot2,EPBot4,3D S =,110,0.00%,2D NS,90,1,We overbid - undoubled,+1,
433,2024.09.27,433,EPBot1,EPBot3,EPBot2,EPBot4,4H S =,420,0.00%,4H NS,420,0,Par was bid,-,
434,2024.09.27,434,EPBot1,EPBot3,EPBot2,EPBot4,4H S =,620,0.00%,4SX EW-2,300,8,They missed sacrifice,-,
435,2024.09.27,435,EPBot1,EPBot3,EPBot2,EPBot4,2N S =,120,0.00%,3N NS+2,460,-8,We missed game,-3,
436,2024.09.27,436,EPBot1,EPBot3,EPBot2,EPBot4,6H S =,1430,0.00%,6H NS,1430,0,Par was bid,-,
437,2024.09.27,437,EPBot1,EPBot3,EPBot2,EPBot4,1N S =,90,0.00%,2S EW,-110,5,They missed partial,-,
438,2024.09.27,438,EPBot1,EPBot3,EPBot2,EPBot4,4H S +1,450,0.00%,4H NS,420,1,Par was bid,+1,
439,2024.09.27,439,EPBot1,EPBot3,EPBot2,EPBot4,3S N +2,200,0.00%,4S NS+1,650,-10,We missed game,-,
440,2024.09.27,440,EPBot1,EPBot3,EPBot2,EPBot4,3D E =,-110,0.00%,3N EW+1,-430,8,They missed game,-,
441,2024.09.27,441,EPBot1,EPBot3,EPBot2,EPBot4,1N S -2,-100,0.00%,2S E,-110,0,They missed partial,-1,
442,2024.09.27,442,EPBot1,EPBot3,EPBot2,EPBot4,3N S =,600,0.00%,4N NS,630,-1,They missed sacrifice,-1,
443,2024.09.27,443,EPBot1,EPBot3,EPBot2,EPBot4,2S E +2,-170,0.00%,4S EW,-420,6,They missed game,-,
444,2024.09.27,444,EPBot1,EPBot3,EPBot2,EPBot4,4S S +1,650,0.00%,4H NS+1,650,0,Par was bid,-,
445,2024.09.27,445,EPBot1,EPBot3,EPBot2,EPBot4,4H S =,620,0.00%,4H NS,620,0,Par was bid,-,
446,2024.09.27,446,EPBot1,EPBot3,EPBot2,EPBot4,4S S =,420,0.00%,4CX EW-1,100,8,We overbid - undoubled,+1,
447,2024.09.27,447,EPBot1,EPBot3,EPBot2,EPBot4,2H S -1,-100,0.00%,2NX EW-1,100,-5,They missed sacrifice,-1,
448,2024.09.27,448,EPBot1,EPBot3,EPBot2,EPBot4,4S S +1,450,0.00%,4S NS,420,1,Par was bid,+1,
449,2024.09.27,449,EPBot1,EPBot3,EPBot2,EPBot4,3N S =,400,0.00%,3N NS+1,430,-1,Par was bid,-1,
450,2024.09.27,450,EPBot1,EPBot3,EPBot2,EPBot4,3N S -1,-100,0.00%,4H NS+1,650,-13,We missed game,-,
451,2024.09.27,451,EPBot1,EPBot3,EPBot2,EPBot4,5D N =,400,0.00%,3D NS,110,7,We overbid - undoubled,+2,
452,2024.09.27,452,EPBot1,EPBot3,EPBot2,EPBot4,6H N =,1430,0.00%,6SX EW-5,1400,1,They missed sacrifice,-,
453,2024.09.27,453,EPBot1,EPBot3,EPBot2,EPBot4,1N S -1,-100,0.00%,3D EW,-110,0,They missed double,-,
454,2024.09.27,454,EPBot1,EPBot3,EPBot2,EPBot4,3H S =,140,0.00%,3H NS,140,0,Par was bid,-,
455,2024.09.27,455,EPBot1,EPBot3,EPBot2,EPBot4,1N S =,90,0.00%,1H EW+2,-140,6,We overbid - undoubled,+2,
456,2024.09.27,456,EPBot1,EPBot3,EPBot2,EPBot4,3N S =,400,0.00%,3N NS+2,460,-2,Par was bid,-2,
457,2024.09.27,457,EPBot1,EPBot3,EPBot2,EPBot4,4S S +2,480,0.00%,6S NS,980,-11,We missed small slam,-,
458,2024.09.27,458,EPBot1,EPBot3,EPBot2,EPBot4,3N S -1,-100,0.00%,3N NS,600,-12,Par was bid,-1,
459,2024.09.27,459,EPBot1,EPBot3,EPBot2,EPBot4,1N S -2,-100,0.00%,4S EW,-420,8,They missed double,+1,
460,2024.09.27,460,EPBot1,EPBot3,EPBot2,EPBot4,3N S -1,-100,0.00%,4H NS+1,650,-13,We missed game,-,
461,2024.09.27,461,EPBot1,EPBot3,EPBot2,EPBot4,2CX E -2,500,0.00%,3N NS,600,-3,We missed game,-,
462,2024.09.27,462,EPBot1,EPBot3,EPBot2,EPBot4,3S E =,-140,0.00%,3N NS,400,-11,We missed double,-3,
463,2024.09.27,463,EPBot1,EPBot3,EPBot2,EPBot4,3N S -1,-100,0.00%,4HX EW-1,100,-5,We missed partial,-,
464,2024.09.27,464,EPBot1,EPBot3,EPBot2,EPBot4,2H S -1,-50,0.00%,2NX NS-1,-100,2,They missed double,+1,
465,2024.09.27,465,EPBot1,EPBot3,EPBot2,EPBot4,4H S +1,450,0.00%,3N NS+2,460,0,We missed best contract,-,
466,2024.09.27,466,EPBot1,EPBot3,EPBot2,EPBot4,4S S =,620,0.00%,4S NS+1,650,-1,Par was bid,-1,
467,2024.09.27,467,EPBot1,EPBot3,EPBot2,EPBot4,4H N +1,450,0.00%,4H NS+1,450,0,Par was bid,-,
468,2024.09.27,468,EPBot1,EPBot3,EPBot2,EPBot4,3N S =,600,0.00%,3N NS+1,630,-1,Par was bid,-1,
469,2024.09.27,469,EPBot1,EPBot3,EPBot2,EPBot4,1N S -1,-100,0.00%,3SX EW-1,100,-5,We missed partial,-,
470,2024.09.27,470,EPBot1,EPBot3,EPBot2,EPBot4,1N S -1,-50,0.00%,1N EW+1,-120,2,They missed double,+1,
471,2024.09.27,471,EPBot1,EPBot3,EPBot2,EPBot4,3D E +1,-130,0.00%,4S NS,620,-13,We missed game,-2,
472,2024.09.27,472,EPBot1,EPBot3,EPBot2,EPBot4,2S S +1,140,0.00%,4DX EW-1,100,1,They missed partial,-,
473,2024.09.27,473,EPBot1,EPBot3,EPBot2,EPBot4,1N S -1,-50,0.00%,3D E,-110,2,They missed double,+1,
474,2024.09.27,474,EPBot1,EPBot3,EPBot2,EPBot4,4H S =,620,0.00%,2H NS+1,140,10,We overbid - undoubled,+1,
475,2024.09.27,475,EPBot1,EPBot3,EPBot2,EPBot4,4H S +1,450,0.00%,4H NS+1,450,0,Par was bid,-,
476,2024.09.27,476,EPBot1,EPBot3,EPBot2,EPBot4,1N S -1,-100,0.00%,4H EW,-420,8,They missed double,+1,
477,2024.09.27,477,EPBot1,EPBot3,EPBot2,EPBot4,4D W =,-130,0.00%,5D EW,-600,10,They missed game,+1,
478,2024.09.27,478,EPBot1,EPBot3,EPBot2,EPBot4,3N S +1,430,0.00%,3N NS,400,1,Par was bid,+1,
479,2024.09.27,479,EPBot1,EPBot3,EPBot2,EPBot4,3C N +1,130,0.00%,3D EW,-110,6,They missed partial,+1,
480,2024.09.27,480,EPBot1,EPBot3,EPBot2,EPBot4,3N S -1,-50,0.00%,1S NS+2,140,-5,We overbid - undoubled,-,
481,2024.09.27,481,EPBot1,EPBot3,EPBot2,EPBot4,3D E +1,-130,0.00%,5CX N-2,-300,5,They missed game,-,
482,2024.09.27,482,EPBot1,EPBot3,EPBot2,EPBot4,1N S -1,-100,0.00%,3N EW,-400,7,They missed double,+2,
483,2024.09.27,483,EPBot1,EPBot3,EPBot2,EPBot4,3N S -3,-150,0.00%,2H NS+1,140,-7,We overbid - undoubled,-1,
484,2024.09.27,484,EPBot1,EPBot3,EPBot2,EPBot4,4H S +1,650,0.00%,3N NS+2,660,0,We missed best contract,-,
485,2024.09.27,485,EPBot1,EPBot3,EPBot2,EPBot4,7HX N -1,-200,0.00%,7SX EW-3,500,-12,We overbid - doubled,-,
486,2024.09.27,486,EPBot1,EPBot3,EPBot2,EPBot4,4S S =,420,0.00%,4S NS,420,0,Par was bid,-,
487,2024.09.27,487,EPBot1,EPBot3,EPBot2,EPBot4,4S S +1,650,0.00%,3N NS+1,630,1,We missed best contract,+1,
488,2024.09.27,488,EPBot1,EPBot3,EPBot2,EPBot4,3N S =,400,0.00%,4S N,420,-1,We missed game,+1,
489,2024.09.27,489,EPBot1,EPBot3,EPBot2,EPBot4,3CX E -3,800,0.00%,2S E,-110,14,They missed partial,+1,
490,2024.09.27,490,EPBot1,EPBot3,EPBot2,EPBot4,2S S +1,140,0.00%,2S NS+1,140,0,Par was bid,-,
491,2024.09.27,491,EPBot1,EPBot3,EPBot2,EPBot4,3N S -1,-50,0.00%,4HX EW-1,100,-4,We missed partial,-,
492,2024.09.27,492,EPBot1,EPBot3,EPBot2,EPBot4,3N S =,600,0.00%,1N NS+1,120,10,We overbid - undoubled,+1,
493,2024.09.27,493,EPBot1,EPBot3,EPBot2,EPBot4,2S E -1,100,0.00%,2D EW+1,-110,5,Par was bid,+1,
494,2024.09.27,494,EPBot1,EPBot3,EPBot2,EPBot4,4H S =,420,0.00%,2H NS+1,140,7,We overbid - undoubled,+1,
495,2024.09.27,495,EPBot1,EPBot3,EPBot2,EPBot4,4H N =,620,0.00%,6H NS,1430,-13,We missed small slam,-2,
496,2024.09.27,496,EPBot1,EPBot3,EPBot2,EPBot4,4S S +1,450,0.00%,4S NS+1,450,0,Par was bid,-,
497,2024.09.27,497,EPBot1,EPBot3,EPBot2,EPBot4,4H S +1,450,0.00%,3N NS+1,430,1,We missed best contract,+1,
498,2024.09.27,498,EPBot1,EPBot3,EPBot2,EPBot4,3N S +1,630,0.00%,3N S+1,630,0,Par was bid,-,
499,2024.09.27,499,EPBot1,EPBot3,EPBot2,EPBot4,2H W +2,-170,0.00%,4CX NS-1,-100,-2,We missed partial,-1,
500,2024.09.27,500,EPBot1,EPBot3,EPBot2,EPBot4,4S S +1,650,0.00%,4H NS,620,1,Par was bid,+1,
