#,Date,Board,North,South,East,West,**South** Result,**South** Score, IMPs  or MPs,Par Result, **South**  Par Score,Vs. Par,DD Bidding,DD Play,
1,2024.09.06,1,EPBot1,EPBot3,EPBot2,EPBot4,4H N =,420,0.00%,4H NS,420,0,00,-,
2,2024.09.06,2,EPBot1,EPBot3,EPBot2,EPBot4,7S N =,2210,0.00%,7N NS,2220,0,05,-,
3,2024.09.06,3,EPBot1,EPBot3,EPBot2,EPBot4,6H S =,980,0.00%,6N S,990,0,05,-,
4,2024.09.06,4,EPBot1,EPBot3,EPBot2,EPBot4,4H S =,620,0.00%,4H NS,620,0,00,-,
5,2024.09.06,5,EPBot1,EPBot3,EPBot2,EPBot4,4S N +3,710,0.00%,7N NS,2220,-17,04,-,
6,2024.09.06,6,EPBot1,EPBot3,EPBot2,EPBot4,4H N +1,450,0.00%,4H NS+1,450,0,00,-,
7,2024.09.06,7,EPBot1,EPBot3,EPBot2,EPBot4,3S N =,140,0.00%,3S NS,140,0,00,-,
8,2024.09.06,8,EPBot1,EPBot3,EPBot2,EPBot4,4H N =,420,0.00%,4SX EW-2,300,3,19,-,
9,2024.09.06,9,EPBot1,EPBot3,EPBot2,EPBot4,5S N +1,480,0.00%,6N NS,990,-11,03,-,
10,2024.09.06,10,EPBot1,EPBot3,EPBot2,EPBot4,4H N =,620,0.00%,4SX EW-2,500,3,19,-,
11,2024.09.06,11,EPBot1,EPBot3,EPBot2,EPBot4,4H N +2,480,0.00%,6H NS,980,-11,03,-,
12,2024.09.06,12,EPBot1,EPBot3,EPBot2,EPBot4,5H N =,650,0.00%,4H NS+1,650,0,00,-,
13,2024.09.06,13,EPBot1,EPBot3,EPBot2,EPBot4,6H S =,1430,0.00%,6N NS,1440,0,05,-,
14,2024.09.06,14,EPBot1,EPBot3,EPBot2,EPBot4,3H N -1,-50,0.00%,3S E,-140,3,12,-,
15,2024.09.06,15,EPBot1,EPBot3,EPBot2,EPBot4,4H N =,620,0.00%,4H NS,620,0,00,-,
16,2024.09.06,16,EPBot1,EPBot3,EPBot2,EPBot4,4H S =,420,0.00%,4H NS,420,0,00,-,
17,2024.09.06,17,EPBot1,EPBot3,EPBot2,EPBot4,4H N =,420,0.00%,4H NS,420,0,00,-,
18,2024.09.06,18,EPBot1,EPBot3,EPBot2,EPBot4,5HX S -2,-500,0.00%,4S EW,-420,-2,07,-,
19,2024.09.06,19,EPBot1,EPBot3,EPBot2,EPBot4,3H N +1,170,0.00%,4H NS,420,-6,02,-,
20,2024.09.06,20,EPBot1,EPBot3,EPBot2,EPBot4,6H N =,1430,0.00%,6N NS,1440,0,05,-,
21,2024.09.06,21,EPBot1,EPBot3,EPBot2,EPBot4,3N S +1,630,0.00%,4S NS+1,650,-1,05,-,
22,2024.09.06,22,EPBot1,EPBot3,EPBot2,EPBot4,5C E +1,-620,0.00%,7HX NS-5,-1100,10,14,-,
23,2024.09.06,23,EPBot1,EPBot3,EPBot2,EPBot4,3S S -1,-100,0.00%,2N EW,-120,1,21,-,
24,2024.09.06,24,EPBot1,EPBot3,EPBot2,EPBot4,4S S +1,450,0.00%,3N N+2,460,0,05,-,
25,2024.09.06,25,EPBot1,EPBot3,EPBot2,EPBot4,4S N +1,450,0.00%,4S NS+1,450,0,00,-,
26,2024.09.06,26,EPBot1,EPBot3,EPBot2,EPBot4,4H S =,620,0.00%,4H NS,620,0,00,-,
27,2024.09.06,27,EPBot1,EPBot3,EPBot2,EPBot4,3S N =,140,0.00%,5SX NS-2,-300,10,13,-,
28,2024.09.06,28,EPBot1,EPBot3,EPBot2,EPBot4,3S N -1,-100,0.00%,3C EW+1,-130,1,21,-,
29,2024.09.06,29,EPBot1,EPBot3,EPBot2,EPBot4,4H S -1,-100,0.00%,3N NS,600,-12,06,-,
30,2024.09.06,30,EPBot1,EPBot3,EPBot2,EPBot4,4H N =,420,0.00%,4H NS,420,0,00,-,
31,2024.09.06,31,EPBot1,EPBot3,EPBot2,EPBot4,4S S +1,650,0.00%,3N NS+2,660,0,05,-,
32,2024.09.06,32,EPBot1,EPBot3,EPBot2,EPBot4,4H N +1,450,0.00%,4H NS+1,450,0,00,-,
33,2024.09.06,33,EPBot1,EPBot3,EPBot2,EPBot4,6S N +1,1010,0.00%,7N NS,1520,-11,04,-,
34,2024.09.06,34,EPBot1,EPBot3,EPBot2,EPBot4,4H N +1,650,0.00%,3N NS+2,660,0,05,-,
35,2024.09.06,35,EPBot1,EPBot3,EPBot2,EPBot4,4H S -1,-50,0.00%,3N NS,400,-10,06,-,
36,2024.09.06,36,EPBot1,EPBot3,EPBot2,EPBot4,4S S +1,650,0.00%,4S NS+1,650,0,00,-,
37,2024.09.06,37,EPBot1,EPBot3,EPBot2,EPBot4,5H S =,650,0.00%,4H NS+1,650,0,00,-,
38,2024.09.06,38,EPBot1,EPBot3,EPBot2,EPBot4,5H N +1,480,0.00%,6N NS,990,-11,03,-,
39,2024.09.06,39,EPBot1,EPBot3,EPBot2,EPBot4,3S N -1,-100,0.00%,3H E,-140,1,21,-,
40,2024.09.06,40,EPBot1,EPBot3,EPBot2,EPBot4,4H S =,420,0.00%,3N NS+1,430,0,05,-,
41,2024.09.06,41,EPBot1,EPBot3,EPBot2,EPBot4,4S N =,420,0.00%,4S NS,420,0,00,-,
42,2024.09.06,42,EPBot1,EPBot3,EPBot2,EPBot4,5S N =,650,0.00%,4S NS+1,650,0,00,-,
43,2024.09.06,43,EPBot1,EPBot3,EPBot2,EPBot4,4S S -2,-100,0.00%,3SX NS-1,-100,0,21,-,
44,2024.09.06,44,EPBot1,EPBot3,EPBot2,EPBot4,6H N -2,-200,0.00%,4H NS,620,-13,06,-,
45,2024.09.06,45,EPBot1,EPBot3,EPBot2,EPBot4,4H S =,620,0.00%,4H NS,620,0,00,-,
46,2024.09.06,46,EPBot1,EPBot3,EPBot2,EPBot4,4H N =,420,0.00%,4H NS,420,0,00,-,
47,2024.09.06,47,EPBot1,EPBot3,EPBot2,EPBot4,4S S +1,650,0.00%,4S NS+1,650,0,00,-,
48,2024.09.06,48,EPBot1,EPBot3,EPBot2,EPBot4,4H S +1,450,0.00%,4H NS+1,450,0,00,-,
49,2024.09.06,49,EPBot1,EPBot3,EPBot2,EPBot4,3S S =,140,0.00%,4DX EW-1,100,1,19,-,
50,2024.09.06,50,EPBot1,EPBot3,EPBot2,EPBot4,4S N =,620,0.00%,4S NS,620,0,00,-,
51,2024.09.06,51,EPBot1,EPBot3,EPBot2,EPBot4,4S N =,420,0.00%,4S NS,420,0,00,-,
52,2024.09.06,52,EPBot1,EPBot3,EPBot2,EPBot4,4H N +2,680,0.00%,6H NS,1430,-13,03,-,
53,2024.09.06,53,EPBot1,EPBot3,EPBot2,EPBot4,4S S =,620,0.00%,5CX EW-1,100,11,19,-,
54,2024.09.06,54,EPBot1,EPBot3,EPBot2,EPBot4,5H N -1,-50,0.00%,3N N+1,430,-10,06,-,
55,2024.09.06,55,EPBot1,EPBot3,EPBot2,EPBot4,4S S +3,710,0.00%,7S NS,2210,-17,04,-,
56,2024.09.06,56,EPBot1,EPBot3,EPBot2,EPBot4,3H N +1,170,0.00%,4H NS,420,-6,02,-,
57,2024.09.06,57,EPBot1,EPBot3,EPBot2,EPBot4,5S N =,450,0.00%,4S NS+1,450,0,00,-,
58,2024.09.06,58,EPBot1,EPBot3,EPBot2,EPBot4,4H N +1,650,0.00%,4H NS+1,650,0,00,-,
59,2024.09.06,59,EPBot1,EPBot3,EPBot2,EPBot4,4S E -1,50,0.00%,3NX NS-1,-100,4,17,-,
60,2024.09.06,60,EPBot1,EPBot3,EPBot2,EPBot4,3H S +1,170,0.00%,4SX EW-2,300,-4,02,-,
61,2024.09.06,61,EPBot1,EPBot3,EPBot2,EPBot4,4H S +2,680,0.00%,6N NS,1440,-13,03,-,
62,2024.09.06,62,EPBot1,EPBot3,EPBot2,EPBot4,3S N -1,-50,0.00%,4C EW,-130,2,12,-,
63,2024.09.06,63,EPBot1,EPBot3,EPBot2,EPBot4,4S N =,620,0.00%,4S NS,620,0,00,-,
64,2024.09.06,64,EPBot1,EPBot3,EPBot2,EPBot4,3S N -1,-50,0.00%,2S NS,110,-4,06,-,
65,2024.09.06,65,EPBot1,EPBot3,EPBot2,EPBot4,4S N =,420,0.00%,4S NS,420,0,00,-,
66,2024.09.06,66,EPBot1,EPBot3,EPBot2,EPBot4,4H S +2,680,0.00%,6SX EW-6,1400,-12,03,-,
67,2024.09.06,67,EPBot1,EPBot3,EPBot2,EPBot4,6S N =,980,0.00%,6N S,990,0,05,-,
68,2024.09.06,68,EPBot1,EPBot3,EPBot2,EPBot4,4H S =,620,0.00%,4H NS,620,0,00,-,
69,2024.09.06,69,EPBot1,EPBot3,EPBot2,EPBot4,4H N +2,680,0.00%,7CX EW-5,1100,-9,03,-,
70,2024.09.06,70,EPBot1,EPBot3,EPBot2,EPBot4,3H N -1,-50,0.00%,3S EW,-140,3,12,-,
71,2024.09.06,71,EPBot1,EPBot3,EPBot2,EPBot4,4H N =,620,0.00%,4H NS,620,0,00,-,
72,2024.09.06,72,EPBot1,EPBot3,EPBot2,EPBot4,4H N +1,450,0.00%,4H NS+1,450,0,00,-,
73,2024.09.06,73,EPBot1,EPBot3,EPBot2,EPBot4,4HX S +1,690,0.00%,4H NS+1,450,6,22,-,
74,2024.09.06,74,EPBot1,EPBot3,EPBot2,EPBot4,2S S +1,140,0.00%,1H NS+2,140,0,00,-,
75,2024.09.06,75,EPBot1,EPBot3,EPBot2,EPBot4,4H N +1,450,0.00%,4H NS+1,450,0,00,-,
76,2024.09.06,76,EPBot1,EPBot3,EPBot2,EPBot4,4H S =,620,0.00%,4SX EW-2,300,8,19,-,
77,2024.09.06,77,EPBot1,EPBot3,EPBot2,EPBot4,2H S +2,170,0.00%,4H NS,620,-10,02,-,
78,2024.09.06,78,EPBot1,EPBot3,EPBot2,EPBot4,3H N -1,-50,0.00%,3HX NS-1,-100,2,21,-,
79,2024.09.06,79,EPBot1,EPBot3,EPBot2,EPBot4,2S S =,110,0.00%,3H EW,-140,6,12,-,
80,2024.09.06,80,EPBot1,EPBot3,EPBot2,EPBot4,4S N =,420,0.00%,4S NS,420,0,00,-,
81,2024.09.06,81,EPBot1,EPBot3,EPBot2,EPBot4,3H W +1,-170,0.00%,4SX NS-1,-100,-2,01,-,
82,2024.09.06,82,EPBot1,EPBot3,EPBot2,EPBot4,4H N =,620,0.00%,5DX EW-3,500,3,19,-,
83,2024.09.06,83,EPBot1,EPBot3,EPBot2,EPBot4,2H S -1,-50,0.00%,2S EW,-110,2,12,-,
84,2024.09.06,84,EPBot1,EPBot3,EPBot2,EPBot4,4H N +1,650,0.00%,4H NS+1,650,0,00,-,
85,2024.09.06,85,EPBot1,EPBot3,EPBot2,EPBot4,3H S =,140,0.00%,4S EW+1,-450,11,13,-,
86,2024.09.06,86,EPBot1,EPBot3,EPBot2,EPBot4,3S E +2,-200,0.00%,4S EW+1,-650,10,13,-,
87,2024.09.06,87,EPBot1,EPBot3,EPBot2,EPBot4,4S N +3,710,0.00%,7N NS,2220,-17,04,-,
88,2024.09.06,88,EPBot1,EPBot3,EPBot2,EPBot4,3S N +1,170,0.00%,4S NS,420,-6,02,-,
89,2024.09.06,89,EPBot1,EPBot3,EPBot2,EPBot4,4S N -1,-50,0.00%,4SX NS-1,-100,2,21,-,
90,2024.09.06,90,EPBot1,EPBot3,EPBot2,EPBot4,4S N +1,650,0.00%,4S NS+1,650,0,00,-,
91,2024.09.06,91,EPBot1,EPBot3,EPBot2,EPBot4,4C E -1,50,0.00%,3HX NS-1,-100,4,17,-,
92,2024.09.06,92,EPBot1,EPBot3,EPBot2,EPBot4,4S S =,620,0.00%,5DX EW-3,500,3,19,-,
93,2024.09.06,93,EPBot1,EPBot3,EPBot2,EPBot4,4S N -1,-100,0.00%,1S NS+2,140,-6,06,-,
94,2024.09.06,94,EPBot1,EPBot3,EPBot2,EPBot4,4H N =,420,0.00%,4SX EW-2,300,3,19,-,
95,2024.09.06,95,EPBot1,EPBot3,EPBot2,EPBot4,3H N =,140,0.00%,3S EW,-140,7,12,-,
96,2024.09.06,96,EPBot1,EPBot3,EPBot2,EPBot4,3H S -1,-50,0.00%,3HX NS-1,-100,2,21,-,
97,2024.09.06,97,EPBot1,EPBot3,EPBot2,EPBot4,4S S =,420,0.00%,3N NS+1,430,0,05,-,
98,2024.09.06,98,EPBot1,EPBot3,EPBot2,EPBot4,4H N =,620,0.00%,4H NS,620,0,00,-,
99,2024.09.06,99,EPBot1,EPBot3,EPBot2,EPBot4,5H N -1,-50,0.00%,4H NS,420,-10,06,-,
100,2024.09.06,100,EPBot1,EPBot3,EPBot2,EPBot4,3S N -1,-100,0.00%,3H EW,-140,1,21,-,
101,2024.09.06,101,EPBot1,EPBot3,EPBot2,EPBot4,3H S =,140,0.00%,3SX EW-1,100,1,19,-,
102,2024.09.06,102,EPBot1,EPBot3,EPBot2,EPBot4,4H N -1,-50,0.00%,2H NS+1,140,-5,06,-,
103,2024.09.06,103,EPBot1,EPBot3,EPBot2,EPBot4,4S N =,620,0.00%,4S NS,620,0,00,-,
104,2024.09.06,104,EPBot1,EPBot3,EPBot2,EPBot4,4H S =,420,0.00%,4H NS,420,0,00,-,
105,2024.09.06,105,EPBot1,EPBot3,EPBot2,EPBot4,3H N =,140,0.00%,4HX NS-1,-100,6,12,-,
106,2024.09.06,106,EPBot1,EPBot3,EPBot2,EPBot4,3S S -1,-100,0.00%,3H EW,-140,1,21,-,
107,2024.09.06,107,EPBot1,EPBot3,EPBot2,EPBot4,3S N -1,-50,0.00%,2NX EW-1,100,-4,06,-,
108,2024.09.06,108,EPBot1,EPBot3,EPBot2,EPBot4,3H S =,140,0.00%,3SX E-1,100,1,19,-,
109,2024.09.06,109,EPBot1,EPBot3,EPBot2,EPBot4,7N S =,2220,0.00%,7N NS,2220,0,00,-,
110,2024.09.06,110,EPBot1,EPBot3,EPBot2,EPBot4,4S S +2,480,0.00%,6S S,980,-11,03,-,
111,2024.09.06,111,EPBot1,EPBot3,EPBot2,EPBot4,4S E +2,-480,0.00%,6S EW,-980,11,14,-,
112,2024.09.06,112,EPBot1,EPBot3,EPBot2,EPBot4,5H N =,450,0.00%,4H NS+1,450,0,00,-,
113,2024.09.06,113,EPBot1,EPBot3,EPBot2,EPBot4,3S S =,140,0.00%,4CX E-1,100,1,19,-,
114,2024.09.06,114,EPBot1,EPBot3,EPBot2,EPBot4,3H N +1,170,0.00%,5CX EW-3,500,-8,02,-,
115,2024.09.06,115,EPBot1,EPBot3,EPBot2,EPBot4,4S S +1,450,0.00%,4S NS+1,450,0,00,-,
116,2024.09.06,116,EPBot1,EPBot3,EPBot2,EPBot4,6S S +1,1460,0.00%,7N NS,2220,-13,04,-,
117,2024.09.06,117,EPBot1,EPBot3,EPBot2,EPBot4,3S E +1,-170,0.00%,4S EW,-420,6,13,-,
118,2024.09.06,118,EPBot1,EPBot3,EPBot2,EPBot4,5H N =,450,0.00%,4H NS+1,450,0,00,-,
119,2024.09.06,119,EPBot1,EPBot3,EPBot2,EPBot4,4H S -1,-100,0.00%,4SX EW-2,500,-12,06,-,
120,2024.09.06,120,EPBot1,EPBot3,EPBot2,EPBot4,4H E -1,50,0.00%,3H EW,-140,5,17,-,
121,2024.09.06,121,EPBot1,EPBot3,EPBot2,EPBot4,4S S +2,480,0.00%,6S NS,980,-11,03,-,
122,2024.09.06,122,EPBot1,EPBot3,EPBot2,EPBot4,3S S -1,-100,0.00%,5C E,-600,11,13,-,
123,2024.09.06,123,EPBot1,EPBot3,EPBot2,EPBot4,4S N +1,450,0.00%,4S NS+1,450,0,00,-,
124,2024.09.06,124,EPBot1,EPBot3,EPBot2,EPBot4,7N S =,2220,0.00%,7N NS,2220,0,00,-,
125,2024.09.06,125,EPBot1,EPBot3,EPBot2,EPBot4,4H S +1,650,0.00%,4H NS+1,650,0,00,-,
126,2024.09.06,126,EPBot1,EPBot3,EPBot2,EPBot4,4S S +1,450,0.00%,3N N+2,460,0,05,-,
127,2024.09.06,127,EPBot1,EPBot3,EPBot2,EPBot4,4H S -1,-100,0.00%,4S EW,-420,8,13,-,
128,2024.09.06,128,EPBot1,EPBot3,EPBot2,EPBot4,4H S +2,480,0.00%,6H NS,980,-11,03,-,
129,2024.09.06,129,EPBot1,EPBot3,EPBot2,EPBot4,4S N =,420,0.00%,4S NS,420,0,00,-,
130,2024.09.06,130,EPBot1,EPBot3,EPBot2,EPBot4,3SX S -2,-500,0.00%,2H EW+1,-140,-8,07,-,
131,2024.09.06,131,EPBot1,EPBot3,EPBot2,EPBot4,3H N =,140,0.00%,3H NS,140,0,00,-,
132,2024.09.06,132,EPBot1,EPBot3,EPBot2,EPBot4,4H S +1,650,0.00%,4H NS+1,650,0,00,-,
133,2024.09.06,133,EPBot1,EPBot3,EPBot2,EPBot4,4S S =,620,0.00%,5DX EW-2,300,8,19,-,
134,2024.09.06,134,EPBot1,EPBot3,EPBot2,EPBot4,4H N +1,450,0.00%,4H NS+1,450,0,00,-,
135,2024.09.06,135,EPBot1,EPBot3,EPBot2,EPBot4,3C E =,-110,0.00%,5CX EW-2,500,-12,02,-,
136,2024.09.06,136,EPBot1,EPBot3,EPBot2,EPBot4,3H S -2,-100,0.00%,2S EW+1,-140,1,21,-,
137,2024.09.06,137,EPBot1,EPBot3,EPBot2,EPBot4,4S N =,420,0.00%,4S NS,420,0,00,-,
138,2024.09.06,138,EPBot1,EPBot3,EPBot2,EPBot4,3H S =,140,0.00%,3S EW,-140,7,12,-,
139,2024.09.06,139,EPBot1,EPBot3,EPBot2,EPBot4,6H N -1,-50,0.00%,4H NS+1,450,-11,06,-,
140,2024.09.06,140,EPBot1,EPBot3,EPBot2,EPBot4,3S S =,140,0.00%,4SX NS-1,-200,8,13,-,
141,2024.09.06,141,EPBot1,EPBot3,EPBot2,EPBot4,4H N -1,-100,0.00%,1H NS+2,140,-6,06,-,
142,2024.09.06,142,EPBot1,EPBot3,EPBot2,EPBot4,3S S -2,-100,0.00%,4DX NS-1,-100,0,21,-,
143,2024.09.06,143,EPBot1,EPBot3,EPBot2,EPBot4,4SXX S +1,1480,0.00%,7CX EW-5,1100,9,22,-,
144,2024.09.06,144,EPBot1,EPBot3,EPBot2,EPBot4,3H N =,140,0.00%,2H NS+1,140,0,00,-,
145,2024.09.06,145,EPBot1,EPBot3,EPBot2,EPBot4,4H N =,420,0.00%,3N NS+1,430,0,05,-,
146,2024.09.06,146,EPBot1,EPBot3,EPBot2,EPBot4,3H N +1,170,0.00%,4H NS,620,-10,02,-,
147,2024.09.06,147,EPBot1,EPBot3,EPBot2,EPBot4,4H N +1,450,0.00%,4H NS+1,450,0,00,-,
148,2024.09.06,148,EPBot1,EPBot3,EPBot2,EPBot4,3S N =,140,0.00%,4C EW,-130,7,12,-,
149,2024.09.06,149,EPBot1,EPBot3,EPBot2,EPBot4,4H S =,620,0.00%,4H NS,620,0,00,-,
150,2024.09.06,150,EPBot1,EPBot3,EPBot2,EPBot4,4H S -1,-50,0.00%,3N S,400,-10,06,-,
151,2024.09.06,151,EPBot1,EPBot3,EPBot2,EPBot4,6H N +1,1460,0.00%,7H NS,2210,-13,04,-,
152,2024.09.06,152,EPBot1,EPBot3,EPBot2,EPBot4,4H N +1,450,0.00%,3N NS+2,460,0,05,-,
153,2024.09.06,153,EPBot1,EPBot3,EPBot2,EPBot4,7N S =,1520,0.00%,7N NS,1520,0,00,-,
154,2024.09.06,154,EPBot1,EPBot3,EPBot2,EPBot4,4H N =,620,0.00%,4SX EW-1,200,9,19,-,
155,2024.09.06,155,EPBot1,EPBot3,EPBot2,EPBot4,3S N +1,170,0.00%,5DX EW-2,300,-4,02,-,
156,2024.09.06,156,EPBot1,EPBot3,EPBot2,EPBot4,2S S -1,-100,0.00%,1N EW+1,-120,1,21,-,
157,2024.09.06,157,EPBot1,EPBot3,EPBot2,EPBot4,4H N =,620,0.00%,4H S+1,650,-1,09,-,
158,2024.09.06,158,EPBot1,EPBot3,EPBot2,EPBot4,3S S -1,-50,0.00%,4SX NS-2,-300,6,13,-,
159,2024.09.06,159,EPBot1,EPBot3,EPBot2,EPBot4,5H N =,650,0.00%,3N N+2,660,0,05,-,
160,2024.09.06,160,EPBot1,EPBot3,EPBot2,EPBot4,4H N +1,450,0.00%,6H S,980,-11,03,-,
161,2024.09.06,161,EPBot1,EPBot3,EPBot2,EPBot4,3S S +1,170,0.00%,5HX EW-2,300,-4,02,-,
162,2024.09.06,162,EPBot1,EPBot3,EPBot2,EPBot4,2S S +2,170,0.00%,5CX EW-3,500,-8,02,-,
163,2024.09.06,163,EPBot1,EPBot3,EPBot2,EPBot4,3S E =,-140,0.00%,4HX NS-1,-100,-1,08,-,
164,2024.09.06,164,EPBot1,EPBot3,EPBot2,EPBot4,3H N =,140,0.00%,3H NS,140,0,00,-,
165,2024.09.06,165,EPBot1,EPBot3,EPBot2,EPBot4,4S N +1,650,0.00%,6CX E-3,500,4,19,-,
166,2024.09.06,166,EPBot1,EPBot3,EPBot2,EPBot4,3SX S -3,-500,0.00%,3N E+1,-630,4,13,-,
167,2024.09.06,167,EPBot1,EPBot3,EPBot2,EPBot4,3H S -2,-200,0.00%,4S EW+1,-650,10,13,-,
168,2024.09.06,168,EPBot1,EPBot3,EPBot2,EPBot4,4H N +2,480,0.00%,6N NS,990,-11,03,-,
169,2024.09.06,169,EPBot1,EPBot3,EPBot2,EPBot4,4H S +2,480,0.00%,6H NS,980,-11,03,-,
170,2024.09.06,170,EPBot1,EPBot3,EPBot2,EPBot4,4S N +1,650,0.00%,4S NS+1,650,0,00,-,
171,2024.09.06,171,EPBot1,EPBot3,EPBot2,EPBot4,3S N =,140,0.00%,2S NS+1,140,0,00,-,
172,2024.09.06,172,EPBot1,EPBot3,EPBot2,EPBot4,4S N +1,650,0.00%,4S NS+1,650,0,00,-,
173,2024.09.06,173,EPBot1,EPBot3,EPBot2,EPBot4,4S N +2,680,0.00%,6S NS,1430,-13,03,-,
174,2024.09.06,174,EPBot1,EPBot3,EPBot2,EPBot4,4S S =,420,0.00%,4S NS,420,0,00,-,
175,2024.09.06,175,EPBot1,EPBot3,EPBot2,EPBot4,3H N =,140,0.00%,3H NS,140,0,00,-,
176,2024.09.06,176,EPBot1,EPBot3,EPBot2,EPBot4,4S N +1,450,0.00%,4S NS+1,450,0,00,-,
177,2024.09.06,177,EPBot1,EPBot3,EPBot2,EPBot4,6H S =,980,0.00%,6H NS,980,0,00,-,
178,2024.09.06,178,EPBot1,EPBot3,EPBot2,EPBot4,6H S =,1430,0.00%,6N NS,1440,0,05,-,
179,2024.09.06,179,EPBot1,EPBot3,EPBot2,EPBot4,6H S =,980,0.00%,6N NS,990,0,05,-,
180,2024.09.06,180,EPBot1,EPBot3,EPBot2,EPBot4,6S S =,1430,0.00%,6N NS,1440,0,05,-,
181,2024.09.06,181,EPBot1,EPBot3,EPBot2,EPBot4,4H N +2,680,0.00%,6H NS,1430,-13,03,-,
182,2024.09.06,182,EPBot1,EPBot3,EPBot2,EPBot4,4H N =,420,0.00%,4H NS,420,0,00,-,
183,2024.09.06,183,EPBot1,EPBot3,EPBot2,EPBot4,4H N +1,650,0.00%,3N NS+2,660,0,05,-,
184,2024.09.06,184,EPBot1,EPBot3,EPBot2,EPBot4,4DX E -2,300,0.00%,4DX E-2,300,0,00,-,
185,2024.09.06,185,EPBot1,EPBot3,EPBot2,EPBot4,4S N -1,-50,0.00%,3S NS,140,-5,06,-,
186,2024.09.06,186,EPBot1,EPBot3,EPBot2,EPBot4,3S N =,140,0.00%,2S NS+1,140,0,00,-,
187,2024.09.06,187,EPBot1,EPBot3,EPBot2,EPBot4,4H N =,420,0.00%,4H NS,420,0,00,-,
188,2024.09.06,188,EPBot1,EPBot3,EPBot2,EPBot4,6H N -1,-100,0.00%,3N S+2,660,-13,06,-,
189,2024.09.06,189,EPBot1,EPBot3,EPBot2,EPBot4,6S S =,1430,0.00%,6N NS,1440,0,05,-,
190,2024.09.06,190,EPBot1,EPBot3,EPBot2,EPBot4,3S N -2,-100,0.00%,3C EW,-110,0,21,-,
191,2024.09.06,191,EPBot1,EPBot3,EPBot2,EPBot4,7N S =,2220,0.00%,7N NS,2220,0,00,-,
192,2024.09.06,192,EPBot1,EPBot3,EPBot2,EPBot4,4H N =,420,0.00%,4H NS,420,0,00,-,
193,2024.09.06,193,EPBot1,EPBot3,EPBot2,EPBot4,3S N -2,-100,0.00%,2N EW,-120,1,21,-,
194,2024.09.06,194,EPBot1,EPBot3,EPBot2,EPBot4,4H N -1,-100,0.00%,3H NS,140,-6,06,-,
195,2024.09.06,195,EPBot1,EPBot3,EPBot2,EPBot4,4H N +1,450,0.00%,4H NS+1,450,0,00,-,
196,2024.09.06,196,EPBot1,EPBot3,EPBot2,EPBot4,6S S -1,-100,0.00%,3N N+2,660,-13,06,-,
197,2024.09.06,197,EPBot1,EPBot3,EPBot2,EPBot4,5H S -1,-100,0.00%,3N NS+2,660,-13,02,-,
198,2024.09.06,198,EPBot1,EPBot3,EPBot2,EPBot4,4S N =,420,0.00%,4S NS,420,0,00,-,
199,2024.09.06,199,EPBot1,EPBot3,EPBot2,EPBot4,4S N =,620,0.00%,4S NS,620,0,00,-,
200,2024.09.06,200,EPBot1,EPBot3,EPBot2,EPBot4,5S N =,450,0.00%,4H NS+1,450,0,00,-,
201,2024.09.06,201,EPBot1,EPBot3,EPBot2,EPBot4,2H S +3,200,0.00%,4H NS+1,450,-6,02,-,
202,2024.09.06,202,EPBot1,EPBot3,EPBot2,EPBot4,4S S =,620,0.00%,5HX EW-2,500,3,19,-,
203,2024.09.06,203,EPBot1,EPBot3,EPBot2,EPBot4,3H S -1,-50,0.00%,4S EW+1,-450,9,13,-,
204,2024.09.06,204,EPBot1,EPBot3,EPBot2,EPBot4,4S S =,620,0.00%,5DX EW-3,500,3,19,-,
205,2024.09.06,205,EPBot1,EPBot3,EPBot2,EPBot4,3H S +1,170,0.00%,4H NS,620,-10,02,-,
206,2024.09.06,206,EPBot1,EPBot3,EPBot2,EPBot4,2H S +1,140,0.00%,3H NS,140,0,19,-,
207,2024.09.06,207,EPBot1,EPBot3,EPBot2,EPBot4,4H N -1,-100,0.00%,3SX EW-1,100,-5,06,-,
208,2024.09.06,208,EPBot1,EPBot3,EPBot2,EPBot4,4S S =,420,0.00%,4S NS,420,0,00,-,
209,2024.09.06,209,EPBot1,EPBot3,EPBot2,EPBot4,3H N -2,-100,0.00%,4S EW,-420,8,13,-,
210,2024.09.06,210,EPBot1,EPBot3,EPBot2,EPBot4,3S N +1,170,0.00%,4S NS,620,-10,02,-,
211,2024.09.06,211,EPBot1,EPBot3,EPBot2,EPBot4,4H N =,420,0.00%,3N NS+2,460,-1,05,-,
212,2024.09.06,212,EPBot1,EPBot3,EPBot2,EPBot4,4H S -1,-100,0.00%,4CX EW-2,500,-12,06,-,
213,2024.09.06,213,EPBot1,EPBot3,EPBot2,EPBot4,6H N -1,-100,0.00%,4H NS+1,650,-13,06,-,
214,2024.09.06,214,EPBot1,EPBot3,EPBot2,EPBot4,4H N +1,450,0.00%,4H NS+1,450,0,00,-,
215,2024.09.06,215,EPBot1,EPBot3,EPBot2,EPBot4,4S N +1,650,0.00%,4H NS+1,650,0,00,-,
216,2024.09.06,216,EPBot1,EPBot3,EPBot2,EPBot4,3S S -2,-100,0.00%,3C EW,-110,0,21,-,
217,2024.09.06,217,EPBot1,EPBot3,EPBot2,EPBot4,4S S +1,450,0.00%,4S NS+1,450,0,00,-,
218,2024.09.06,218,EPBot1,EPBot3,EPBot2,EPBot4,4H S +1,650,0.00%,4H NS+1,650,0,00,-,
219,2024.09.06,219,EPBot1,EPBot3,EPBot2,EPBot4,3S N +1,170,0.00%,4S NS,420,-6,02,-,
220,2024.09.06,220,EPBot1,EPBot3,EPBot2,EPBot4,4H N +1,650,0.00%,4H NS+1,650,0,00,-,
221,2024.09.06,221,EPBot1,EPBot3,EPBot2,EPBot4,4S S +1,650,0.00%,3N NS+2,660,0,05,-,
222,2024.09.06,222,EPBot1,EPBot3,EPBot2,EPBot4,4H N +2,480,0.00%,6H NS,980,-11,03,-,
223,2024.09.06,223,EPBot1,EPBot3,EPBot2,EPBot4,4H S +2,680,0.00%,6N NS,1440,-13,03,-,
224,2024.09.06,224,EPBot1,EPBot3,EPBot2,EPBot4,4S S +1,450,0.00%,4S NS+1,450,0,00,-,
225,2024.09.06,225,EPBot1,EPBot3,EPBot2,EPBot4,3S N =,140,0.00%,4DX E-1,100,1,19,-,
226,2024.09.06,226,EPBot1,EPBot3,EPBot2,EPBot4,3H N =,140,0.00%,3H NS,140,0,00,-,
227,2024.09.06,227,EPBot1,EPBot3,EPBot2,EPBot4,6S S +1,1010,0.00%,7N NS,1520,-11,04,-,
228,2024.09.06,228,EPBot1,EPBot3,EPBot2,EPBot4,4S N =,620,0.00%,4S NS,620,0,00,-,
229,2024.09.06,229,EPBot1,EPBot3,EPBot2,EPBot4,4S N +2,680,0.00%,6S NS,1430,-13,03,-,
230,2024.09.06,230,EPBot1,EPBot3,EPBot2,EPBot4,4S S =,420,0.00%,4S NS,420,0,00,-,
231,2024.09.06,231,EPBot1,EPBot3,EPBot2,EPBot4,3H N +3,230,0.00%,7CX EW-5,1400,-15,03,-,
232,2024.09.06,232,EPBot1,EPBot3,EPBot2,EPBot4,6S S =,980,0.00%,6N NS,990,0,05,-,
233,2024.09.06,233,EPBot1,EPBot3,EPBot2,EPBot4,6S S =,980,0.00%,6S NS,980,0,00,-,
234,2024.09.06,234,EPBot1,EPBot3,EPBot2,EPBot4,3S N =,140,0.00%,1S NS+2,140,0,00,-,
235,2024.09.06,235,EPBot1,EPBot3,EPBot2,EPBot4,4H S +1,450,0.00%,3N NS+2,460,0,05,-,
236,2024.09.06,236,EPBot1,EPBot3,EPBot2,EPBot4,5S N +1,680,0.00%,6N NS,1440,-13,03,-,
237,2024.09.06,237,EPBot1,EPBot3,EPBot2,EPBot4,3D E -2,200,0.00%,3S NS,140,2,17,-,
238,2024.09.06,238,EPBot1,EPBot3,EPBot2,EPBot4,4S N -2,-100,0.00%,3HX EW-1,100,-5,06,-,
239,2024.09.06,239,EPBot1,EPBot3,EPBot2,EPBot4,3D E =,-110,0.00%,2S EW+1,-140,1,16,-,
240,2024.09.06,240,EPBot1,EPBot3,EPBot2,EPBot4,2S S +2,170,0.00%,3N NS+1,430,-6,02,-,
241,2024.09.06,241,EPBot1,EPBot3,EPBot2,EPBot4,4H S =,420,0.00%,4H NS,420,0,00,-,
242,2024.09.06,242,EPBot1,EPBot3,EPBot2,EPBot4,3H N =,140,0.00%,3SX EW-1,100,1,19,-,
243,2024.09.06,243,EPBot1,EPBot3,EPBot2,EPBot4,2S S +1,140,0.00%,2S NS+1,140,0,00,-,
244,2024.09.06,244,EPBot1,EPBot3,EPBot2,EPBot4,3H N +1,170,0.00%,4H NS,620,-10,02,-,
245,2024.09.06,245,EPBot1,EPBot3,EPBot2,EPBot4,4H N =,620,0.00%,4H NS,620,0,00,-,
246,2024.09.06,246,EPBot1,EPBot3,EPBot2,EPBot4,6HX S -3,-500,0.00%,1H NS+2,140,-12,07,-,
247,2024.09.06,247,EPBot1,EPBot3,EPBot2,EPBot4,4S N =,620,0.00%,4S NS,620,0,00,-,
248,2024.09.06,248,EPBot1,EPBot3,EPBot2,EPBot4,4S N +2,480,0.00%,6S N,980,-11,03,-,
249,2024.09.06,249,EPBot1,EPBot3,EPBot2,EPBot4,3H N -1,-50,0.00%,5HX NS-3,-500,10,13,-,
250,2024.09.06,250,EPBot1,EPBot3,EPBot2,EPBot4,7C S =,2140,0.00%,7N NS,2220,-2,05,-,
251,2024.09.06,251,EPBot1,EPBot3,EPBot2,EPBot4,4SX S -2,-300,0.00%,3SX NS-1,-100,-5,07,-,
252,2024.09.06,252,EPBot1,EPBot3,EPBot2,EPBot4,3S N +1,170,0.00%,5CX EW-3,500,-8,02,-,
253,2024.09.06,253,EPBot1,EPBot3,EPBot2,EPBot4,4H N =,620,0.00%,4H NS,620,0,00,-,
254,2024.09.06,254,EPBot1,EPBot3,EPBot2,EPBot4,4H S +1,450,0.00%,4H NS+1,450,0,00,-,
255,2024.09.06,255,EPBot1,EPBot3,EPBot2,EPBot4,6H S -1,-100,0.00%,3N NS+2,660,-13,06,-,
256,2024.09.06,256,EPBot1,EPBot3,EPBot2,EPBot4,4H S =,420,0.00%,3N NS+1,430,0,05,-,
257,2024.09.06,257,EPBot1,EPBot3,EPBot2,EPBot4,4S N +1,450,0.00%,4H NS+1,450,0,00,-,
258,2024.09.06,258,EPBot1,EPBot3,EPBot2,EPBot4,3S S =,140,0.00%,3S NS,140,0,00,-,
259,2024.09.06,259,EPBot1,EPBot3,EPBot2,EPBot4,4S S -1,-50,0.00%,4SX NS-1,-100,2,21,-,
260,2024.09.06,260,EPBot1,EPBot3,EPBot2,EPBot4,4H E =,-620,0.00%,4H EW,-620,0,00,-,
261,2024.09.06,261,EPBot1,EPBot3,EPBot2,EPBot4,3H N =,140,0.00%,4SX E-3,500,-8,02,-,
262,2024.09.06,262,EPBot1,EPBot3,EPBot2,EPBot4,4H S +1,450,0.00%,3N NS+2,460,0,05,-,
263,2024.09.06,263,EPBot1,EPBot3,EPBot2,EPBot4,4S N =,620,0.00%,3N NS+2,660,-1,05,-,
264,2024.09.06,264,EPBot1,EPBot3,EPBot2,EPBot4,3H S -3,-150,0.00%,2S EW+1,-140,0,06,-,
265,2024.09.06,265,EPBot1,EPBot3,EPBot2,EPBot4,6C N =,920,0.00%,6N NS,990,-2,05,-,
266,2024.09.06,266,EPBot1,EPBot3,EPBot2,EPBot4,4H S +1,650,0.00%,4H S+1,650,0,00,-,
267,2024.09.06,267,EPBot1,EPBot3,EPBot2,EPBot4,3H N =,140,0.00%,3H NS,140,0,00,-,
268,2024.09.06,268,EPBot1,EPBot3,EPBot2,EPBot4,4S N +2,680,0.00%,6S NS,1430,-13,03,-,
269,2024.09.06,269,EPBot1,EPBot3,EPBot2,EPBot4,3C E =,-110,0.00%,2S EW+1,-140,1,16,-,
270,2024.09.06,270,EPBot1,EPBot3,EPBot2,EPBot4,4H S +1,450,0.00%,4H NS+1,450,0,00,-,
271,2024.09.06,271,EPBot1,EPBot3,EPBot2,EPBot4,3H N -1,-100,0.00%,2S EW,-110,0,21,-,
272,2024.09.06,272,EPBot1,EPBot3,EPBot2,EPBot4,6S N =,980,0.00%,6N NS,990,0,05,-,
273,2024.09.06,273,EPBot1,EPBot3,EPBot2,EPBot4,2S S -2,-100,0.00%,4H EW+1,-450,8,13,-,
274,2024.09.06,274,EPBot1,EPBot3,EPBot2,EPBot4,4SX E -2,300,0.00%,6SX EW-4,800,-11,03,-,
275,2024.09.06,275,EPBot1,EPBot3,EPBot2,EPBot4,4H N +1,450,0.00%,4H NS+1,450,0,00,-,
276,2024.09.06,276,EPBot1,EPBot3,EPBot2,EPBot4,4DX E -2,500,0.00%,2S NS+1,140,8,18,-,
277,2024.09.06,277,EPBot1,EPBot3,EPBot2,EPBot4,4S S -2,-200,0.00%,1N NS+1,120,-8,06,-,
278,2024.09.06,278,EPBot1,EPBot3,EPBot2,EPBot4,4H S +1,450,0.00%,3N NS+2,460,0,05,-,
279,2024.09.06,279,EPBot1,EPBot3,EPBot2,EPBot4,5H S +1,680,0.00%,6N NS,1440,-13,03,-,
280,2024.09.06,280,EPBot1,EPBot3,EPBot2,EPBot4,6S N =,980,0.00%,6S NS,980,0,00,-,
281,2024.09.06,281,EPBot1,EPBot3,EPBot2,EPBot4,4H N +2,480,0.00%,6H NS,980,-11,03,-,
282,2024.09.06,282,EPBot1,EPBot3,EPBot2,EPBot4,4S S +2,680,0.00%,7DX EW-5,1400,-12,03,-,
283,2024.09.06,283,EPBot1,EPBot3,EPBot2,EPBot4,6H N -1,-50,0.00%,3N NS+2,460,-11,06,-,
284,2024.09.06,284,EPBot1,EPBot3,EPBot2,EPBot4,6HX S =,1660,0.00%,6N NS,1440,6,22,-,
285,2024.09.06,285,EPBot1,EPBot3,EPBot2,EPBot4,2H S +2,170,0.00%,4SX EW-2,500,-8,02,-,
286,2024.09.06,286,EPBot1,EPBot3,EPBot2,EPBot4,6H N -1,-50,0.00%,3N NS+2,460,-11,06,-,
287,2024.09.06,287,EPBot1,EPBot3,EPBot2,EPBot4,4S S -1,-100,0.00%,4DX EW-1,100,-5,06,-,
288,2024.09.06,288,EPBot1,EPBot3,EPBot2,EPBot4,6S N +1,1010,0.00%,7S NS,1510,-11,04,-,
289,2024.09.06,289,EPBot1,EPBot3,EPBot2,EPBot4,4H S -1,-50,0.00%,4SX EW-1,100,-4,06,-,
290,2024.09.06,290,EPBot1,EPBot3,EPBot2,EPBot4,6H N +1,1460,0.00%,7H NS,2210,-13,04,-,
291,2024.09.06,291,EPBot1,EPBot3,EPBot2,EPBot4,4S S =,420,0.00%,4S NS,420,0,00,-,
292,2024.09.06,292,EPBot1,EPBot3,EPBot2,EPBot4,3S E -2,200,0.00%,4H NS+1,650,-10,02,-,
293,2024.09.06,293,EPBot1,EPBot3,EPBot2,EPBot4,6D N -2,-200,0.00%,4H NS+1,650,-13,06,-,
294,2024.09.06,294,EPBot1,EPBot3,EPBot2,EPBot4,4S S -3,-150,0.00%,3C EW+1,-130,-1,06,-,
295,2024.09.06,295,EPBot1,EPBot3,EPBot2,EPBot4,5H N +1,680,0.00%,6N NS,1440,-13,03,-,
296,2024.09.06,296,EPBot1,EPBot3,EPBot2,EPBot4,4S S +1,450,0.00%,4S NS+1,450,0,00,-,
297,2024.09.06,297,EPBot1,EPBot3,EPBot2,EPBot4,4S N =,420,0.00%,4S NS,420,0,00,-,
298,2024.09.06,298,EPBot1,EPBot3,EPBot2,EPBot4,3H S =,140,0.00%,3H NS,140,0,00,-,
299,2024.09.06,299,EPBot1,EPBot3,EPBot2,EPBot4,4S N +1,450,0.00%,4S NS+1,450,0,00,-,
300,2024.09.06,300,EPBot1,EPBot3,EPBot2,EPBot4,3S E =,-140,0.00%,2S EW+1,-140,0,00,-,
301,2024.09.06,301,EPBot1,EPBot3,EPBot2,EPBot4,4H S +2,680,0.00%,6H NS,1430,-13,03,-,
302,2024.09.06,302,EPBot1,EPBot3,EPBot2,EPBot4,4S N +1,450,0.00%,4S NS+1,450,0,00,-,
303,2024.09.06,303,EPBot1,EPBot3,EPBot2,EPBot4,6H S =,1430,0.00%,7CX EW-5,1100,8,19,-,
304,2024.09.06,304,EPBot1,EPBot3,EPBot2,EPBot4,3S N +1,170,0.00%,4S NS,420,-6,02,-,
305,2024.09.06,305,EPBot1,EPBot3,EPBot2,EPBot4,4H N +1,450,0.00%,4H NS+1,450,0,00,-,
306,2024.09.06,306,EPBot1,EPBot3,EPBot2,EPBot4,4S S +2,680,0.00%,7DX EW-5,1100,-9,03,-,
307,2024.09.06,307,EPBot1,EPBot3,EPBot2,EPBot4,4H S +2,480,0.00%,6H NS,980,-11,03,-,
308,2024.09.06,308,EPBot1,EPBot3,EPBot2,EPBot4,3NX W -5,1400,0.00%,3H NS,140,15,18,-,
309,2024.09.06,309,EPBot1,EPBot3,EPBot2,EPBot4,4H N -2,-200,0.00%,2S EW,-110,-3,06,-,
310,2024.09.06,310,EPBot1,EPBot3,EPBot2,EPBot4,3H S =,140,0.00%,2H NS+1,140,0,00,-,
311,2024.09.06,311,EPBot1,EPBot3,EPBot2,EPBot4,5S S +2,710,0.00%,7N NS,2220,-17,04,-,
312,2024.09.06,312,EPBot1,EPBot3,EPBot2,EPBot4,4S S +1,450,0.00%,6HX EW-2,300,4,19,-,
313,2024.09.06,313,EPBot1,EPBot3,EPBot2,EPBot4,4S S +2,480,0.00%,6S NS,980,-11,03,-,
314,2024.09.06,314,EPBot1,EPBot3,EPBot2,EPBot4,4H S -1,-100,0.00%,3N NS,600,-12,06,-,
315,2024.09.06,315,EPBot1,EPBot3,EPBot2,EPBot4,3S S -1,-50,0.00%,4SX NS-2,-300,6,13,-,
316,2024.09.06,316,EPBot1,EPBot3,EPBot2,EPBot4,5S N -1,-100,0.00%,4S NS,620,-12,06,-,
317,2024.09.06,317,EPBot1,EPBot3,EPBot2,EPBot4,3N S =,600,0.00%,4DX EW-1,200,9,19,-,
318,2024.09.06,318,EPBot1,EPBot3,EPBot2,EPBot4,5S N =,450,0.00%,6N S,990,-11,03,-,
319,2024.09.06,319,EPBot1,EPBot3,EPBot2,EPBot4,4S N =,620,0.00%,4S S+1,650,-1,09,-,
320,2024.09.06,320,EPBot1,EPBot3,EPBot2,EPBot4,3S N =,140,0.00%,2S NS+1,140,0,00,-,
321,2024.09.06,321,EPBot1,EPBot3,EPBot2,EPBot4,4H S +1,450,0.00%,3N NS+2,460,0,05,-,
322,2024.09.06,322,EPBot1,EPBot3,EPBot2,EPBot4,2H S +2,170,0.00%,4H NS,620,-10,02,-,
323,2024.09.06,323,EPBot1,EPBot3,EPBot2,EPBot4,4H N +1,450,0.00%,4H NS+1,450,0,00,-,
324,2024.09.06,324,EPBot1,EPBot3,EPBot2,EPBot4,3H E -2,200,0.00%,4S NS,620,-9,02,-,
325,2024.09.06,325,EPBot1,EPBot3,EPBot2,EPBot4,3H N +1,170,0.00%,5CX EW-3,500,-8,02,-,
326,2024.09.06,326,EPBot1,EPBot3,EPBot2,EPBot4,2H S +1,140,0.00%,2H NS+1,140,0,00,-,
327,2024.09.06,327,EPBot1,EPBot3,EPBot2,EPBot4,4H S -1,-100,0.00%,3S EW,-140,1,21,-,
328,2024.09.06,328,EPBot1,EPBot3,EPBot2,EPBot4,3S S +2,200,0.00%,5N NS,460,-6,02,-,
329,2024.09.06,329,EPBot1,EPBot3,EPBot2,EPBot4,4H S +1,450,0.00%,3N NS+2,460,0,05,-,
330,2024.09.06,330,EPBot1,EPBot3,EPBot2,EPBot4,4S N =,620,0.00%,4S NS,620,0,00,-,
331,2024.09.06,331,EPBot1,EPBot3,EPBot2,EPBot4,2H S +2,170,0.00%,4H NS,420,-6,02,-,
332,2024.09.06,332,EPBot1,EPBot3,EPBot2,EPBot4,4H S +1,650,0.00%,3N NS+2,660,0,05,-,
333,2024.09.06,333,EPBot1,EPBot3,EPBot2,EPBot4,5S S =,650,0.00%,4S NS+1,650,0,00,-,
334,2024.09.06,334,EPBot1,EPBot3,EPBot2,EPBot4,5H E -1,50,0.00%,4H EW,-420,10,17,-,
335,2024.09.06,335,EPBot1,EPBot3,EPBot2,EPBot4,4H N =,620,0.00%,4H NS,620,0,00,-,
336,2024.09.06,336,EPBot1,EPBot3,EPBot2,EPBot4,4S N +1,450,0.00%,4S NS+1,450,0,00,-,
337,2024.09.06,337,EPBot1,EPBot3,EPBot2,EPBot4,6S S =,980,0.00%,6N NS,990,0,05,-,
338,2024.09.06,338,EPBot1,EPBot3,EPBot2,EPBot4,4H S +2,680,0.00%,6N NS,1440,-13,03,-,
339,2024.09.06,339,EPBot1,EPBot3,EPBot2,EPBot4,4H N =,420,0.00%,4H NS,420,0,00,-,
340,2024.09.06,340,EPBot1,EPBot3,EPBot2,EPBot4,4S N +1,650,0.00%,4H NS+1,650,0,00,-,
341,2024.09.06,341,EPBot1,EPBot3,EPBot2,EPBot4,4H N +2,680,0.00%,6SX EW-6,1400,-12,03,-,
342,2024.09.06,342,EPBot1,EPBot3,EPBot2,EPBot4,3H N +1,170,0.00%,4H NS,420,-6,02,-,
343,2024.09.06,343,EPBot1,EPBot3,EPBot2,EPBot4,3S N -1,-100,0.00%,2S N,110,-5,06,-,
344,2024.09.06,344,EPBot1,EPBot3,EPBot2,EPBot4,6H N +1,1010,0.00%,7N NS,1520,-11,04,-,
345,2024.09.06,345,EPBot1,EPBot3,EPBot2,EPBot4,4H S +1,450,0.00%,4H NS+1,450,0,00,-,
346,2024.09.06,346,EPBot1,EPBot3,EPBot2,EPBot4,4H N +2,680,0.00%,7CX EW-5,1400,-12,03,-,
347,2024.09.06,347,EPBot1,EPBot3,EPBot2,EPBot4,5H N +1,480,0.00%,6N NS,990,-11,03,-,
348,2024.09.06,348,EPBot1,EPBot3,EPBot2,EPBot4,4H N =,620,0.00%,5HX NS-1,-200,13,13,-,
349,2024.09.06,349,EPBot1,EPBot3,EPBot2,EPBot4,3S S =,140,0.00%,1S NS+2,140,0,00,-,
350,2024.09.06,350,EPBot1,EPBot3,EPBot2,EPBot4,3S N =,140,0.00%,3N NS,400,-6,02,-,
351,2024.09.06,351,EPBot1,EPBot3,EPBot2,EPBot4,4S S +1,650,0.00%,4S NS+1,650,0,00,-,
352,2024.09.06,352,EPBot1,EPBot3,EPBot2,EPBot4,4S N -2,-100,0.00%,2S NS,110,-5,06,-,
353,2024.09.06,353,EPBot1,EPBot3,EPBot2,EPBot4,3S N +1,170,0.00%,4S NS,420,-6,02,-,
354,2024.09.06,354,EPBot1,EPBot3,EPBot2,EPBot4,4H S +1,650,0.00%,4H NS+1,650,0,00,-,
355,2024.09.06,355,EPBot1,EPBot3,EPBot2,EPBot4,3H N =,140,0.00%,3H NS,140,0,00,-,
356,2024.09.06,356,EPBot1,EPBot3,EPBot2,EPBot4,3H N +1,170,0.00%,4H NS,620,-10,02,-,
357,2024.09.06,357,EPBot1,EPBot3,EPBot2,EPBot4,3S N +1,170,0.00%,4S NS,620,-10,02,-,
358,2024.09.06,358,EPBot1,EPBot3,EPBot2,EPBot4,4S N +2,480,0.00%,6S NS,980,-11,03,-,
359,2024.09.06,359,EPBot1,EPBot3,EPBot2,EPBot4,4S S =,620,0.00%,4S NS,620,0,00,-,
360,2024.09.06,360,EPBot1,EPBot3,EPBot2,EPBot4,6S N =,980,0.00%,6N NS,990,0,05,-,
361,2024.09.06,361,EPBot1,EPBot3,EPBot2,EPBot4,4S N -1,-50,0.00%,2S NS+1,140,-5,06,-,
362,2024.09.06,362,EPBot1,EPBot3,EPBot2,EPBot4,4H S -1,-100,0.00%,4DX EW-1,200,-7,06,-,
363,2024.09.06,363,EPBot1,EPBot3,EPBot2,EPBot4,4H N +1,450,0.00%,4H NS+1,450,0,00,-,
364,2024.09.06,364,EPBot1,EPBot3,EPBot2,EPBot4,4H N +2,680,0.00%,7CX EW-5,1100,-9,03,-,
365,2024.09.06,365,EPBot1,EPBot3,EPBot2,EPBot4,3H S -1,-100,0.00%,2S EW+1,-140,1,21,-,
366,2024.09.06,366,EPBot1,EPBot3,EPBot2,EPBot4,2H S +1,140,0.00%,3H NS,140,0,19,-,
367,2024.09.06,367,EPBot1,EPBot3,EPBot2,EPBot4,4H N +2,680,0.00%,6H NS,1430,-13,03,-,
368,2024.09.06,368,EPBot1,EPBot3,EPBot2,EPBot4,4H S +1,450,0.00%,4H NS+1,450,0,00,-,
369,2024.09.06,369,EPBot1,EPBot3,EPBot2,EPBot4,6H N =,980,0.00%,6N NS,990,0,05,-,
370,2024.09.06,370,EPBot1,EPBot3,EPBot2,EPBot4,4S N +1,650,0.00%,4S NS+1,650,0,00,-,
371,2024.09.06,371,EPBot1,EPBot3,EPBot2,EPBot4,4H N =,420,0.00%,4H N,420,0,00,-,
372,2024.09.06,372,EPBot1,EPBot3,EPBot2,EPBot4,6H N =,1430,0.00%,6N NS,1440,0,05,-,
373,2024.09.06,373,EPBot1,EPBot3,EPBot2,EPBot4,4H N +1,650,0.00%,4H NS+1,650,0,00,-,
374,2024.09.06,374,EPBot1,EPBot3,EPBot2,EPBot4,3S N +1,170,0.00%,4S NS,420,-6,02,-,
375,2024.09.06,375,EPBot1,EPBot3,EPBot2,EPBot4,3S N +1,170,0.00%,4S NS,620,-10,02,-,
376,2024.09.06,376,EPBot1,EPBot3,EPBot2,EPBot4,3S N -1,-50,0.00%,3SX NS-1,-100,2,21,-,
377,2024.09.06,377,EPBot1,EPBot3,EPBot2,EPBot4,3S N -2,-100,0.00%,5H EW,-650,11,13,-,
378,2024.09.06,378,EPBot1,EPBot3,EPBot2,EPBot4,5H N -1,-100,0.00%,4H NS,620,-12,06,-,
379,2024.09.06,379,EPBot1,EPBot3,EPBot2,EPBot4,4H N =,420,0.00%,3N NS+1,430,0,05,-,
380,2024.09.06,380,EPBot1,EPBot3,EPBot2,EPBot4,4S N =,620,0.00%,4S NS,620,0,00,-,
381,2024.09.06,381,EPBot1,EPBot3,EPBot2,EPBot4,4H N -2,-200,0.00%,2N N,120,-8,06,-,
382,2024.09.06,382,EPBot1,EPBot3,EPBot2,EPBot4,3H N =,140,0.00%,4HX NS-1,-100,6,12,-,
383,2024.09.06,383,EPBot1,EPBot3,EPBot2,EPBot4,2S S +1,140,0.00%,2S NS+1,140,0,00,-,
384,2024.09.06,384,EPBot1,EPBot3,EPBot2,EPBot4,4S S +2,480,0.00%,6S NS,980,-11,03,-,
385,2024.09.06,385,EPBot1,EPBot3,EPBot2,EPBot4,3S S =,140,0.00%,4SX NS-1,-100,6,13,-,
386,2024.09.06,386,EPBot1,EPBot3,EPBot2,EPBot4,4H N =,620,0.00%,4SX W-3,500,3,19,-,
387,2024.09.06,387,EPBot1,EPBot3,EPBot2,EPBot4,4S N +1,450,0.00%,4S NS+1,450,0,00,-,
388,2024.09.06,388,EPBot1,EPBot3,EPBot2,EPBot4,4H N +1,650,0.00%,4H NS+1,650,0,00,-,
389,2024.09.06,389,EPBot1,EPBot3,EPBot2,EPBot4,4S S +1,650,0.00%,4S NS+1,650,0,00,-,
390,2024.09.06,390,EPBot1,EPBot3,EPBot2,EPBot4,4H N -1,-50,0.00%,3N N,400,-10,06,-,
391,2024.09.06,391,EPBot1,EPBot3,EPBot2,EPBot4,4H S -1,-100,0.00%,3S EW,-140,1,21,-,
392,2024.09.06,392,EPBot1,EPBot3,EPBot2,EPBot4,4S N +1,450,0.00%,4S NS+1,450,0,00,-,
393,2024.09.06,393,EPBot1,EPBot3,EPBot2,EPBot4,4S N +2,480,0.00%,6S N,980,-11,03,-,
394,2024.09.06,394,EPBot1,EPBot3,EPBot2,EPBot4,3N S +1,630,0.00%,3N NS+1,630,0,00,-,
395,2024.09.06,395,EPBot1,EPBot3,EPBot2,EPBot4,5S S +1,480,0.00%,6N NS,990,-11,03,-,
396,2024.09.06,396,EPBot1,EPBot3,EPBot2,EPBot4,4S S +1,650,0.00%,4S NS+1,650,0,00,-,
397,2024.09.06,397,EPBot1,EPBot3,EPBot2,EPBot4,4H S =,620,0.00%,4SX EW-2,500,3,19,-,
398,2024.09.06,398,EPBot1,EPBot3,EPBot2,EPBot4,6H N =,980,0.00%,6N NS,990,0,05,-,
399,2024.09.06,399,EPBot1,EPBot3,EPBot2,EPBot4,4H N =,620,0.00%,4SX EW-2,300,8,19,-,
400,2024.09.06,400,EPBot1,EPBot3,EPBot2,EPBot4,2S S -1,-50,0.00%,3H EW,-140,3,12,-,
401,2024.09.06,401,EPBot1,EPBot3,EPBot2,EPBot4,4D E =,-130,0.00%,4D EW,-130,0,00,-,
402,2024.09.06,402,EPBot1,EPBot3,EPBot2,EPBot4,6H S -1,-100,0.00%,4H NS+1,650,-13,06,-,
403,2024.09.06,403,EPBot1,EPBot3,EPBot2,EPBot4,4S N =,420,0.00%,4S NS,420,0,00,-,
404,2024.09.06,404,EPBot1,EPBot3,EPBot2,EPBot4,4S E -1,100,0.00%,4HX NS-2,-500,12,17,-,
405,2024.09.06,405,EPBot1,EPBot3,EPBot2,EPBot4,4S N +1,650,0.00%,4S NS+1,650,0,00,-,
406,2024.09.06,406,EPBot1,EPBot3,EPBot2,EPBot4,6S N =,980,0.00%,6N NS,990,0,05,-,
407,2024.09.06,407,EPBot1,EPBot3,EPBot2,EPBot4,6H S -1,-100,0.00%,4H NS+1,650,-13,06,-,
408,2024.09.06,408,EPBot1,EPBot3,EPBot2,EPBot4,4S N +1,450,0.00%,4S NS+1,450,0,00,-,
409,2024.09.06,409,EPBot1,EPBot3,EPBot2,EPBot4,3H N -1,-50,0.00%,3S EW,-140,3,12,-,
410,2024.09.06,410,EPBot1,EPBot3,EPBot2,EPBot4,4H S =,620,0.00%,3N NS+1,630,0,05,-,
411,2024.09.06,411,EPBot1,EPBot3,EPBot2,EPBot4,4S S -1,-50,0.00%,2S NS+1,140,-5,06,-,
412,2024.09.06,412,EPBot1,EPBot3,EPBot2,EPBot4,4H S +1,650,0.00%,4H NS+1,650,0,00,-,
413,2024.09.06,413,EPBot1,EPBot3,EPBot2,EPBot4,4S N -1,-100,0.00%,4S S,620,-12,09,-,
414,2024.09.06,414,EPBot1,EPBot3,EPBot2,EPBot4,4H N +1,450,0.00%,4H NS+1,450,0,00,-,
415,2024.09.06,415,EPBot1,EPBot3,EPBot2,EPBot4,2S S +4,230,0.00%,7DX EW-6,1400,-15,03,-,
416,2024.09.06,416,EPBot1,EPBot3,EPBot2,EPBot4,3H S -1,-50,0.00%,5HX NS-3,-500,10,13,-,
417,2024.09.06,417,EPBot1,EPBot3,EPBot2,EPBot4,4S S +2,480,0.00%,6N S,990,-11,03,-,
418,2024.09.06,418,EPBot1,EPBot3,EPBot2,EPBot4,6N S -1,-100,0.00%,3N NS+2,660,-13,06,-,
419,2024.09.06,419,EPBot1,EPBot3,EPBot2,EPBot4,3S S +1,170,0.00%,4S NS,420,-6,02,-,
420,2024.09.06,420,EPBot1,EPBot3,EPBot2,EPBot4,3S N +1,170,0.00%,4S NS,620,-10,02,-,
421,2024.09.06,421,EPBot1,EPBot3,EPBot2,EPBot4,4H N =,620,0.00%,4SX EW-1,100,11,19,-,
422,2024.09.06,422,EPBot1,EPBot3,EPBot2,EPBot4,4S N =,420,0.00%,4S NS,420,0,00,-,
423,2024.09.06,423,EPBot1,EPBot3,EPBot2,EPBot4,4S S -1,-100,0.00%,2S NS+1,140,-6,06,-,
424,2024.09.06,424,EPBot1,EPBot3,EPBot2,EPBot4,4H N =,420,0.00%,3N NS+1,430,0,05,-,
425,2024.09.06,425,EPBot1,EPBot3,EPBot2,EPBot4,4S S =,420,0.00%,4S NS,420,0,00,-,
426,2024.09.06,426,EPBot1,EPBot3,EPBot2,EPBot4,2H S =,110,0.00%,2S EW,-110,6,12,-,
427,2024.09.06,427,EPBot1,EPBot3,EPBot2,EPBot4,3H N =,140,0.00%,2H NS+1,140,0,00,-,
428,2024.09.06,428,EPBot1,EPBot3,EPBot2,EPBot4,5H N =,650,0.00%,3N NS+2,660,0,05,-,
429,2024.09.06,429,EPBot1,EPBot3,EPBot2,EPBot4,4S N +1,650,0.00%,4S N+1,650,0,00,-,
430,2024.09.06,430,EPBot1,EPBot3,EPBot2,EPBot4,4S S +1,450,0.00%,3N NS+2,460,0,05,-,
431,2024.09.06,431,EPBot1,EPBot3,EPBot2,EPBot4,4H S +1,650,0.00%,3N N+2,660,0,05,-,
432,2024.09.06,432,EPBot1,EPBot3,EPBot2,EPBot4,4H N +1,450,0.00%,3N S+2,460,0,05,-,
433,2024.09.06,433,EPBot1,EPBot3,EPBot2,EPBot4,4S N -2,-100,0.00%,3S S,140,-6,06,-,
434,2024.09.06,434,EPBot1,EPBot3,EPBot2,EPBot4,2S S -2,-200,0.00%,3N EW,-400,5,21,-,
435,2024.09.06,435,EPBot1,EPBot3,EPBot2,EPBot4,3S N +1,170,0.00%,4S NS,420,-6,02,-,
436,2024.09.06,436,EPBot1,EPBot3,EPBot2,EPBot4,4SX E -1,200,0.00%,2S EW+1,-140,8,18,-,
437,2024.09.06,437,EPBot1,EPBot3,EPBot2,EPBot4,2S S =,110,0.00%,3C E,-110,6,12,-,
438,2024.09.06,438,EPBot1,EPBot3,EPBot2,EPBot4,2S S +2,170,0.00%,4S NS,420,-6,02,-,
439,2024.09.06,439,EPBot1,EPBot3,EPBot2,EPBot4,4H N +2,680,0.00%,6H NS,1430,-13,03,-,
440,2024.09.06,440,EPBot1,EPBot3,EPBot2,EPBot4,4S N -1,-50,0.00%,2S NS+1,140,-5,06,-,
441,2024.09.06,441,EPBot1,EPBot3,EPBot2,EPBot4,4S N =,420,0.00%,4S NS,420,0,00,-,
442,2024.09.06,442,EPBot1,EPBot3,EPBot2,EPBot4,4H S +1,650,0.00%,4H NS+1,650,0,00,-,
443,2024.09.06,443,EPBot1,EPBot3,EPBot2,EPBot4,5HX E -1,100,0.00%,5HX EW-1,100,0,00,-,
444,2024.09.06,444,EPBot1,EPBot3,EPBot2,EPBot4,4H S +1,650,0.00%,3N NS+2,660,0,05,-,
445,2024.09.06,445,EPBot1,EPBot3,EPBot2,EPBot4,4S N -1,-100,0.00%,3S NS,140,-6,06,-,
446,2024.09.06,446,EPBot1,EPBot3,EPBot2,EPBot4,3S N =,140,0.00%,6SX NS-3,-500,12,14,-,
447,2024.09.06,447,EPBot1,EPBot3,EPBot2,EPBot4,4H N +2,680,0.00%,6SX EW-5,1100,-9,03,-,
448,2024.09.06,448,EPBot1,EPBot3,EPBot2,EPBot4,4H S =,420,0.00%,4SX EW-1,200,6,19,-,
449,2024.09.06,449,EPBot1,EPBot3,EPBot2,EPBot4,4S S +1,450,0.00%,4S NS+1,450,0,00,-,
450,2024.09.06,450,EPBot1,EPBot3,EPBot2,EPBot4,3S N =,140,0.00%,3S NS,140,0,00,-,
451,2024.09.06,451,EPBot1,EPBot3,EPBot2,EPBot4,4S N +2,480,0.00%,6S N,980,-11,03,-,
452,2024.09.06,452,EPBot1,EPBot3,EPBot2,EPBot4,3S N =,140,0.00%,2S NS+1,140,0,00,-,
453,2024.09.06,453,EPBot1,EPBot3,EPBot2,EPBot4,6H N -1,-100,0.00%,6C N,1370,-16,06,-,
454,2024.09.06,454,EPBot1,EPBot3,EPBot2,EPBot4,3H N =,140,0.00%,1H NS+2,140,0,00,-,
455,2024.09.06,455,EPBot1,EPBot3,EPBot2,EPBot4,3H N =,140,0.00%,2H NS+1,140,0,00,-,
456,2024.09.06,456,EPBot1,EPBot3,EPBot2,EPBot4,4H S -1,-50,0.00%,3N N,400,-10,06,-,
457,2024.09.06,457,EPBot1,EPBot3,EPBot2,EPBot4,2S S -1,-50,0.00%,3H EW,-140,3,12,-,
458,2024.09.06,458,EPBot1,EPBot3,EPBot2,EPBot4,6N S =,1440,0.00%,6N NS,1440,0,00,-,
459,2024.09.06,459,EPBot1,EPBot3,EPBot2,EPBot4,4H S +2,480,0.00%,6N NS,990,-11,03,-,
460,2024.09.06,460,EPBot1,EPBot3,EPBot2,EPBot4,4H N +2,680,0.00%,6N NS,1440,-13,03,-,
461,2024.09.06,461,EPBot1,EPBot3,EPBot2,EPBot4,6S N =,1430,0.00%,6S NS,1430,0,00,-,
462,2024.09.06,462,EPBot1,EPBot3,EPBot2,EPBot4,2S S =,110,0.00%,3DX EW-1,100,0,19,-,
463,2024.09.06,463,EPBot1,EPBot3,EPBot2,EPBot4,4S N +1,650,0.00%,4N S+1,660,0,05,-,
464,2024.09.06,464,EPBot1,EPBot3,EPBot2,EPBot4,6S N +1,1010,0.00%,7N S,1520,-11,04,-,
465,2024.09.06,465,EPBot1,EPBot3,EPBot2,EPBot4,6S S +1,1010,0.00%,7S NS,1510,-11,04,-,
466,2024.09.06,466,EPBot1,EPBot3,EPBot2,EPBot4,6S S =,1430,0.00%,6N NS,1440,0,05,-,
467,2024.09.06,467,EPBot1,EPBot3,EPBot2,EPBot4,6H S +1,1010,0.00%,7H NS,1510,-11,04,-,
468,2024.09.06,468,EPBot1,EPBot3,EPBot2,EPBot4,2S E +1,-140,0.00%,2S EW+1,-140,0,00,-,
469,2024.09.06,469,EPBot1,EPBot3,EPBot2,EPBot4,4H S =,620,0.00%,4SX EW-3,500,3,19,-,
470,2024.09.06,470,EPBot1,EPBot3,EPBot2,EPBot4,4H N +1,450,0.00%,4H NS+1,450,0,00,-,
471,2024.09.06,471,EPBot1,EPBot3,EPBot2,EPBot4,4H N +1,650,0.00%,4H NS+1,650,0,00,-,
472,2024.09.06,472,EPBot1,EPBot3,EPBot2,EPBot4,4H N -1,-50,0.00%,4CX EW-1,100,-4,06,-,
473,2024.09.06,473,EPBot1,EPBot3,EPBot2,EPBot4,3S N +1,170,0.00%,4S NS,420,-6,02,-,
474,2024.09.06,474,EPBot1,EPBot3,EPBot2,EPBot4,4S N +1,650,0.00%,4S NS+1,650,0,00,-,
475,2024.09.06,475,EPBot1,EPBot3,EPBot2,EPBot4,4S E -3,150,0.00%,4H NS+1,450,-7,10,-,
476,2024.09.06,476,EPBot1,EPBot3,EPBot2,EPBot4,3H N +1,170,0.00%,4H NS,620,-10,02,-,
477,2024.09.06,477,EPBot1,EPBot3,EPBot2,EPBot4,3SX S =,730,0.00%,4C EW,-130,13,22,-,
478,2024.09.06,478,EPBot1,EPBot3,EPBot2,EPBot4,4S N +1,450,0.00%,4S NS+1,450,0,00,-,
479,2024.09.06,479,EPBot1,EPBot3,EPBot2,EPBot4,4S N +2,680,0.00%,7DX EW-8,2000,-16,04,-,
480,2024.09.06,480,EPBot1,EPBot3,EPBot2,EPBot4,4H N +1,450,0.00%,4H NS+1,450,0,00,-,
481,2024.09.06,481,EPBot1,EPBot3,EPBot2,EPBot4,3S S +1,170,0.00%,4S NS,420,-6,02,-,
482,2024.09.06,482,EPBot1,EPBot3,EPBot2,EPBot4,7H N =,2210,0.00%,7N NS,2220,0,05,-,
483,2024.09.06,483,EPBot1,EPBot3,EPBot2,EPBot4,4S S =,420,0.00%,4S NS,420,0,00,-,
484,2024.09.06,484,EPBot1,EPBot3,EPBot2,EPBot4,3S S -1,-100,0.00%,4SX NS-2,-500,9,13,-,
485,2024.09.06,485,EPBot1,EPBot3,EPBot2,EPBot4,4S S +1,650,0.00%,3N NS+2,660,0,05,-,
486,2024.09.06,486,EPBot1,EPBot3,EPBot2,EPBot4,4H N +2,480,0.00%,6H NS,980,-11,03,-,
487,2024.09.06,487,EPBot1,EPBot3,EPBot2,EPBot4,4S N +1,650,0.00%,4S NS+1,650,0,00,-,
488,2024.09.06,488,EPBot1,EPBot3,EPBot2,EPBot4,6H N =,980,0.00%,6N NS,990,0,05,-,
489,2024.09.06,489,EPBot1,EPBot3,EPBot2,EPBot4,4H N =,420,0.00%,5C NS,400,1,19,-,
490,2024.09.06,490,EPBot1,EPBot3,EPBot2,EPBot4,4S N =,620,0.00%,5DX EW-2,500,3,19,-,
491,2024.09.06,491,EPBot1,EPBot3,EPBot2,EPBot4,4H N -1,-50,0.00%,3H NS,140,-5,06,-,
492,2024.09.06,492,EPBot1,EPBot3,EPBot2,EPBot4,4S N =,620,0.00%,5DX EW-2,300,8,19,-,
493,2024.09.06,493,EPBot1,EPBot3,EPBot2,EPBot4,6H S =,1430,0.00%,6N NS,1440,0,05,-,
494,2024.09.06,494,EPBot1,EPBot3,EPBot2,EPBot4,4S S =,420,0.00%,5CX EW-1,100,8,19,-,
495,2024.09.06,495,EPBot1,EPBot3,EPBot2,EPBot4,3S N =,140,0.00%,3S NS,140,0,00,-,
496,2024.09.06,496,EPBot1,EPBot3,EPBot2,EPBot4,4S S -1,-50,0.00%,4N N,430,-10,02,-,
497,2024.09.06,497,EPBot1,EPBot3,EPBot2,EPBot4,5S N +1,480,0.00%,6S NS,980,-11,03,-,
498,2024.09.06,498,EPBot1,EPBot3,EPBot2,EPBot4,4H S =,620,0.00%,4SX EW-1,100,11,19,-,
499,2024.09.06,499,EPBot1,EPBot3,EPBot2,EPBot4,5H N =,450,0.00%,4H NS+1,450,0,00,-,
500,2024.09.06,500,EPBot1,EPBot3,EPBot2,EPBot4,4S N =,620,0.00%,4S NS,620,0,00,-,
