ID,Date,Board,North,South,East,West,Result,Score,IMPs,OptimumResult,ParScore,VsPar,DDBidding,DDPlay
1,2024.09.03,1,EPBot1,EPBot3,EPBot2,EPBot4,"4H N =",420,0.00%,"4H NS",420,0,"Par was bid",-
2,2024.09.03,2,EPBot1,EPBot3,EPBot2,EPBot4,"7S N =",2210,0.00%,"7N NS",2220,0,"We missed best contract",-
3,2024.09.03,3,EPBot1,EPBot3,EPBot2,EPBot4,"6H S =",980,0.00%,"6N S",990,0,"We missed best contract",-
4,2024.09.03,4,EPBot1,EPBot3,EPBot2,EPBot4,"4H S -1",-100,0.00%,"4H NS",620,-12,"Par was bid",-1
5,2024.09.03,5,EPBot1,EPBot3,EPBot2,EPBot4,"4S N +1",650,0.00%,"7N NS",2220,-17,"We missed grand slam",-2
6,2024.09.03,6,EPBot1,EPBot3,EPBot2,EPBot4,"4H N +1",450,0.00%,"4H NS+1",450,0,"Par was bid",-
7,2024.09.03,7,EPBot1,EPBot3,EPBot2,EPBot4,"4H N =",620,0.00%,"4SX EW-2",500,3,"They missed sacrifice",-
8,2024.09.03,8,EPBot1,EPBot3,EPBot2,EPBot4,"5S N =",450,0.00%,"6N NS",990,-11,"We missed small slam",-1
9,2024.09.03,9,EPBot1,EPBot3,EPBot2,EPBot4,"4H N =",420,0.00%,"4H NS",420,0,"Par was bid",-
10,2024.09.03,10,EPBot1,EPBot3,EPBot2,EPBot4,"4H N =",620,0.00%,"4SX EW-2",500,3,"They missed sacrifice",-
11,2024.09.03,11,EPBot1,EPBot3,EPBot2,EPBot4,"4H N +1",450,0.00%,"6H NS",980,-11,"We missed small slam",-1
12,2024.09.03,12,EPBot1,EPBot3,EPBot2,EPBot4,"5H N =",650,0.00%,"4H NS+1",650,0,"Par was bid",-
13,2024.09.03,13,EPBot1,EPBot3,EPBot2,EPBot4,"6H S =",1430,0.00%,"6N NS",1440,0,"We missed best contract",-
14,2024.09.03,14,EPBot1,EPBot3,EPBot2,EPBot4,"3H N =",140,0.00%,"3S E",-140,7,"They missed partial",+1
15,2024.09.03,15,EPBot1,EPBot3,EPBot2,EPBot4,"4H N =",620,0.00%,"4H NS",620,0,"Par was bid",-
16,2024.09.03,16,EPBot1,EPBot3,EPBot2,EPBot4,"4H S -1",-50,0.00%,"4H NS",420,-10,"Par was bid",-1
17,2024.09.03,17,EPBot1,EPBot3,EPBot2,EPBot4,"4H N =",420,0.00%,"4H NS",420,0,"Par was bid",-
18,2024.09.03,18,EPBot1,EPBot3,EPBot2,EPBot4,"5HX S -1",-200,0.00%,"4S EW",-420,6,"We overbid - doubled",+1
19,2024.09.03,19,EPBot1,EPBot3,EPBot2,EPBot4,"3H N +1",170,0.00%,"4H NS",420,-6,"We missed game",-
20,2024.09.03,20,EPBot1,EPBot3,EPBot2,EPBot4,"6H N =",1430,0.00%,"6N NS",1440,0,"We missed best contract",-
21,2024.09.03,21,EPBot1,EPBot3,EPBot2,EPBot4,"3N S =",600,0.00%,"4S NS+1",650,-2,"We missed best contract",-1
22,2024.09.03,22,EPBot1,EPBot3,EPBot2,EPBot4,"5C E +1",-620,0.00%,"7HX NS-5",-1100,10,"They missed small slam",-
23,2024.09.03,23,EPBot1,EPBot3,EPBot2,EPBot4,"3S S =",140,0.00%,"2N EW",-120,6,"They missed double",+1
24,2024.09.03,24,EPBot1,EPBot3,EPBot2,EPBot4,"4H S +2",480,0.00%,"7SX EW-6",1400,-14,"We missed grand slam",-1
25,2024.09.03,25,EPBot1,EPBot3,EPBot2,EPBot4,"4S S +1",450,0.00%,"3N N+2",460,0,"We missed best contract",-
26,2024.09.03,26,EPBot1,EPBot3,EPBot2,EPBot4,"4S N +1",650,0.00%,"4S NS+1",650,0,"Par was bid",-
27,2024.09.03,27,EPBot1,EPBot3,EPBot2,EPBot4,"4H S =",420,0.00%,"4H NS",420,0,"Par was bid",-
28,2024.09.03,28,EPBot1,EPBot3,EPBot2,EPBot4,"3S N +1",170,0.00%,"5C EW",-400,11,"They missed game",+1
29,2024.09.03,29,EPBot1,EPBot3,EPBot2,EPBot4,"3S N +1",170,0.00%,"3C EW+1",-130,7,"They missed double",+2
30,2024.09.03,30,EPBot1,EPBot3,EPBot2,EPBot4,"4H S =",420,0.00%,"3N NS",400,1,"We overbid - undoubled",+1
31,2024.09.03,31,EPBot1,EPBot3,EPBot2,EPBot4,"4H N =",620,0.00%,"4SX EW-3",500,3,"They missed sacrifice",-
32,2024.09.03,32,EPBot1,EPBot3,EPBot2,EPBot4,"4S S +1",450,0.00%,"3N NS+2",460,0,"We missed best contract",-
33,2024.09.03,33,EPBot1,EPBot3,EPBot2,EPBot4,"4H N =",420,0.00%,"4H NS+1",450,-1,"Par was bid",-1
34,2024.09.03,34,EPBot1,EPBot3,EPBot2,EPBot4,"6S N =",1430,0.00%,"7N NS",2220,-13,"We missed grand slam",-1
35,2024.09.03,35,EPBot1,EPBot3,EPBot2,EPBot4,"4H N =",420,0.00%,"3N NS+2",460,-1,"We missed best contract",-1
36,2024.09.03,36,EPBot1,EPBot3,EPBot2,EPBot4,"4H S +1",650,0.00%,"4CX EW-2",500,4,"We overbid - undoubled",+2
37,2024.09.03,37,EPBot1,EPBot3,EPBot2,EPBot4,"4S N =",620,0.00%,"6DX EW-3",500,3,"They missed sacrifice",-1
38,2024.09.03,38,EPBot1,EPBot3,EPBot2,EPBot4,"4S S =",420,0.00%,"4S NS+1",450,-1,"Par was bid",-1
39,2024.09.03,39,EPBot1,EPBot3,EPBot2,EPBot4,"4H S +1",650,0.00%,"4H NS+1",650,0,"Par was bid",-
40,2024.09.03,40,EPBot1,EPBot3,EPBot2,EPBot4,"5H N +1",480,0.00%,"6N NS",990,-11,"We missed small slam",-
41,2024.09.03,41,EPBot1,EPBot3,EPBot2,EPBot4,"3S N =",140,0.00%,"3SX NS-1",-100,6,"They missed double",+1
42,2024.09.03,42,EPBot1,EPBot3,EPBot2,EPBot4,"4H S =",620,0.00%,"3N NS+1",630,0,"We missed best contract",-
43,2024.09.03,43,EPBot1,EPBot3,EPBot2,EPBot4,"4S E +1",-450,0.00%,"5S EW",-450,0,"We missed sacrifice",-
44,2024.09.03,44,EPBot1,EPBot3,EPBot2,EPBot4,"4S N =",620,0.00%,"4S NS",620,0,"Par was bid",-
45,2024.09.03,45,EPBot1,EPBot3,EPBot2,EPBot4,"5S N =",650,0.00%,"4S NS+1",650,0,"Par was bid",-
46,2024.09.03,46,EPBot1,EPBot3,EPBot2,EPBot4,"4S S -1",-50,0.00%,"3SX NS-1",-100,2,"They missed double",+1
47,2024.09.03,47,EPBot1,EPBot3,EPBot2,EPBot4,"6H N -1",-100,0.00%,"4H NS",620,-12,"We overbid - undoubled",+1
48,2024.09.03,48,EPBot1,EPBot3,EPBot2,EPBot4,"4S N +2",480,0.00%,"6S NS",980,-11,"We missed small slam",-
49,2024.09.03,49,EPBot1,EPBot3,EPBot2,EPBot4,"5S N =",450,0.00%,"6N S",990,-11,"We missed small slam",-1
50,2024.09.03,50,EPBot1,EPBot3,EPBot2,EPBot4,"4H S =",620,0.00%,"4SX EW-3",500,3,"They missed sacrifice",-
51,2024.09.03,51,EPBot1,EPBot3,EPBot2,EPBot4,"4H N =",420,0.00%,"4H NS",420,0,"Par was bid",-
52,2024.09.03,52,EPBot1,EPBot3,EPBot2,EPBot4,"4S S +1",650,0.00%,"4S NS+1",650,0,"Par was bid",-
53,2024.09.03,53,EPBot1,EPBot3,EPBot2,EPBot4,"4H S +1",650,0.00%,"4H NS+1",650,0,"Par was bid",-
54,2024.09.03,54,EPBot1,EPBot3,EPBot2,EPBot4,"4S S =",420,0.00%,"3S NS",140,7,"We overbid - undoubled",+1
55,2024.09.03,55,EPBot1,EPBot3,EPBot2,EPBot4,"4S N =",620,0.00%,"4S NS",620,0,"Par was bid",-
56,2024.09.03,56,EPBot1,EPBot3,EPBot2,EPBot4,"4S N =",420,0.00%,"4S NS",420,0,"Par was bid",-
57,2024.09.03,57,EPBot1,EPBot3,EPBot2,EPBot4,"3H S -1",-50,0.00%,"3H NS",140,-5,"Par was bid",-1
58,2024.09.03,58,EPBot1,EPBot3,EPBot2,EPBot4,"4H N +1",650,0.00%,"6H NS",1430,-13,"We missed small slam",-1
59,2024.09.03,59,EPBot1,EPBot3,EPBot2,EPBot4,"4H N +1",450,0.00%,"4N NS+1",460,0,"We missed best contract",-
60,2024.09.03,60,EPBot1,EPBot3,EPBot2,EPBot4,"4S S =",620,0.00%,"5CX EW-1",100,11,"They missed sacrifice",-
61,2024.09.03,61,EPBot1,EPBot3,EPBot2,EPBot4,"5H N =",650,0.00%,"3N N+1",630,1,"We overbid - undoubled",+1
62,2024.09.03,62,EPBot1,EPBot3,EPBot2,EPBot4,"4S S +2",480,0.00%,"7S NS",1510,-14,"We missed grand slam",-1
63,2024.09.03,63,EPBot1,EPBot3,EPBot2,EPBot4,"3H N =",140,0.00%,"4H NS",620,-10,"We missed game",-1
64,2024.09.03,64,EPBot1,EPBot3,EPBot2,EPBot4,"5S N =",450,0.00%,"4S NS+1",450,0,"Par was bid",-
65,2024.09.03,65,EPBot1,EPBot3,EPBot2,EPBot4,"4H S =",420,0.00%,"4H NS+1",450,-1,"Par was bid",-1
66,2024.09.03,66,EPBot1,EPBot3,EPBot2,EPBot4,"3D E =",-110,0.00%,"3S EW",-140,1,"They missed partial",-1
67,2024.09.03,67,EPBot1,EPBot3,EPBot2,EPBot4,"4SX E -1",200,0.00%,"4H NS",420,-6,"They overbid - doubled",-1
68,2024.09.03,68,EPBot1,EPBot3,EPBot2,EPBot4,"4H S +1",650,0.00%,"6N NS",1440,-13,"We missed small slam",-1
69,2024.09.03,69,EPBot1,EPBot3,EPBot2,EPBot4,"3S N =",140,0.00%,"3H EW",-140,7,"They missed double",+1
70,2024.09.03,70,EPBot1,EPBot3,EPBot2,EPBot4,"4S N =",420,0.00%,"4S NS",420,0,"Par was bid",-
71,2024.09.03,71,EPBot1,EPBot3,EPBot2,EPBot4,"3S N =",140,0.00%,"2S NS",110,1,"We overbid - undoubled",+1
72,2024.09.03,72,EPBot1,EPBot3,EPBot2,EPBot4,"4S N =",420,0.00%,"4S NS",420,0,"Par was bid",-
73,2024.09.03,73,EPBot1,EPBot3,EPBot2,EPBot4,"4H S +1",450,0.00%,"4H NS+1",450,0,"Par was bid",-
74,2024.09.03,74,EPBot1,EPBot3,EPBot2,EPBot4,"4H S +2",680,0.00%,"6H NS",1430,-13,"We missed small slam",-
75,2024.09.03,75,EPBot1,EPBot3,EPBot2,EPBot4,"4H N +1",450,0.00%,"5SX EW-1",100,8,"They missed game",-
76,2024.09.03,76,EPBot1,EPBot3,EPBot2,EPBot4,"6S N =",1430,0.00%,"6N S",1440,0,"We missed best contract",-
77,2024.09.03,77,EPBot1,EPBot3,EPBot2,EPBot4,"4H S =",620,0.00%,"4H NS",620,0,"Par was bid",-
78,2024.09.03,78,EPBot1,EPBot3,EPBot2,EPBot4,"4H N +2",480,0.00%,"6H NS",980,-11,"We missed small slam",-
79,2024.09.03,79,EPBot1,EPBot3,EPBot2,EPBot4,"2H N +1",140,0.00%,"3S EW",-140,7,"They missed partial",-
80,2024.09.03,80,EPBot1,EPBot3,EPBot2,EPBot4,"4H N +1",450,0.00%,"4H NS+1",450,0,"Par was bid",-
81,2024.09.03,81,EPBot1,EPBot3,EPBot2,EPBot4,"3H N =",140,0.00%,"3S EW",-140,7,"They missed partial",+1
82,2024.09.03,82,EPBot1,EPBot3,EPBot2,EPBot4,"4H N =",620,0.00%,"4H NS",620,0,"Par was bid",-
83,2024.09.03,83,EPBot1,EPBot3,EPBot2,EPBot4,"4H N =",420,0.00%,"4H NS+1",450,-1,"Par was bid",-1
84,2024.09.03,84,EPBot1,EPBot3,EPBot2,EPBot4,"2S E +1",-140,0.00%,"5H NS",650,-13,"We missed game",-1
85,2024.09.03,85,EPBot1,EPBot3,EPBot2,EPBot4,"5S N =",650,0.00%,"3N NS+2",660,0,"We missed best contract",-
86,2024.09.03,86,EPBot1,EPBot3,EPBot2,EPBot4,"2S S +1",140,0.00%,"1H NS+2",140,0,"Par was bid",-
87,2024.09.03,87,EPBot1,EPBot3,EPBot2,EPBot4,"4H N +1",650,0.00%,"4H NS+1",650,0,"Par was bid",-
88,2024.09.03,88,EPBot1,EPBot3,EPBot2,EPBot4,"4H S =",420,0.00%,"4SX EW-2",300,3,"They missed sacrifice",-
89,2024.09.03,89,EPBot1,EPBot3,EPBot2,EPBot4,"2H S +2",170,0.00%,"4H NS",420,-6,"We missed game",-
90,2024.09.03,90,EPBot1,EPBot3,EPBot2,EPBot4,"3H N =",140,0.00%,"3D EW",-110,6,"They missed double",+1
91,2024.09.03,91,EPBot1,EPBot3,EPBot2,EPBot4,"2S S +1",140,0.00%,"3SX NS-1",-100,6,"They missed partial",+1
92,2024.09.03,92,EPBot1,EPBot3,EPBot2,EPBot4,"4S N =",620,0.00%,"4S NS",620,0,"Par was bid",-
93,2024.09.03,93,EPBot1,EPBot3,EPBot2,EPBot4,"3H W +1",-170,0.00%,"4SX NS-1",-200,1,"They missed game",-
94,2024.09.03,94,EPBot1,EPBot3,EPBot2,EPBot4,"5H N =",450,0.00%,"6H N",980,-11,"We missed small slam",-1
95,2024.09.03,95,EPBot1,EPBot3,EPBot2,EPBot4,"4H N +1",650,0.00%,"5DX EW-3",500,4,"They missed sacrifice",+1
96,2024.09.03,96,EPBot1,EPBot3,EPBot2,EPBot4,"2H S +1",140,0.00%,"2S EW",-110,6,"They missed partial",+2
97,2024.09.03,97,EPBot1,EPBot3,EPBot2,EPBot4,"4H S +1",450,0.00%,"4H NS+1",450,0,"Par was bid",-
98,2024.09.03,98,EPBot1,EPBot3,EPBot2,EPBot4,"3H S +1",170,0.00%,"4S EW+1",-450,12,"They missed game",+1
99,2024.09.03,99,EPBot1,EPBot3,EPBot2,EPBot4,"3CX E +2",-1070,0.00%,"4SX N-1",-100,-14,"We doubled making contract",-2
100,2024.09.03,100,EPBot1,EPBot3,EPBot2,EPBot4,"3S E +2",-200,0.00%,"4S EW+1",-650,10,"They missed game",-
101,2024.09.03,101,EPBot1,EPBot3,EPBot2,EPBot4,"3S N +2",200,0.00%,"4S NS",620,-9,"We missed game",+1
102,2024.09.03,102,EPBot1,EPBot3,EPBot2,EPBot4,"4S N =",420,0.00%,"4SX NS-1",-100,11,"They missed double",+1
103,2024.09.03,103,EPBot1,EPBot3,EPBot2,EPBot4,"4S N +1",650,0.00%,"4S NS+1",650,0,"Par was bid",-
104,2024.09.03,104,EPBot1,EPBot3,EPBot2,EPBot4,"4C E =",-130,0.00%,"3HX NS-1",-100,-1,"They overbid - undoubled",-1
105,2024.09.03,105,EPBot1,EPBot3,EPBot2,EPBot4,"4HX W -2",500,0.00%,"3SX NS-1",-100,12,"They overbid - doubled",+1
106,2024.09.03,106,EPBot1,EPBot3,EPBot2,EPBot4,"4S S =",620,0.00%,"4S NS",620,0,"Par was bid",-
107,2024.09.03,107,EPBot1,EPBot3,EPBot2,EPBot4,"5S N +1",480,0.00%,"6S NS",980,-11,"We missed small slam",-
108,2024.09.03,108,EPBot1,EPBot3,EPBot2,EPBot4,"4S N -1",-100,0.00%,"2S NS+1",140,-6,"We overbid - undoubled",-
109,2024.09.03,109,EPBot1,EPBot3,EPBot2,EPBot4,"4H N +1",650,0.00%,"4SX EW-2",500,4,"They missed sacrifice",+1
110,2024.09.03,110,EPBot1,EPBot3,EPBot2,EPBot4,"3H N =",140,0.00%,"4HX NS-1",-100,6,"They missed partial",-
111,2024.09.03,111,EPBot1,EPBot3,EPBot2,EPBot4,"3H S =",140,0.00%,"3C EW",-110,6,"They missed double",+1
112,2024.09.03,112,EPBot1,EPBot3,EPBot2,EPBot4,"4S S +1",450,0.00%,"3N NS+1",430,1,"We missed best contract",+1
113,2024.09.03,113,EPBot1,EPBot3,EPBot2,EPBot4,"4H N +1",450,0.00%,"4H NS",420,1,"Par was bid",+1
114,2024.09.03,114,EPBot1,EPBot3,EPBot2,EPBot4,"5H N -2",-200,0.00%,"4SX EW-2",300,-11,"We overbid - undoubled",-1
115,2024.09.03,115,EPBot1,EPBot3,EPBot2,EPBot4,"3S N =",140,0.00%,"3SX NS-1",-100,6,"They missed double",+1
116,2024.09.03,116,EPBot1,EPBot3,EPBot2,EPBot4,"3H S +1",170,0.00%,"3H NS",140,1,"Par was bid",+1
117,2024.09.03,117,EPBot1,EPBot3,EPBot2,EPBot4,"4H S =",620,0.00%,"4S EW",-420,14,"They missed game",+1
118,2024.09.03,118,EPBot1,EPBot3,EPBot2,EPBot4,"4H N =",420,0.00%,"2H NS+1",140,7,"We overbid - undoubled",+1
119,2024.09.03,119,EPBot1,EPBot3,EPBot2,EPBot4,"4S N =",620,0.00%,"4S NS",620,0,"Par was bid",-
120,2024.09.03,120,EPBot1,EPBot3,EPBot2,EPBot4,"4H S =",420,0.00%,"4H NS",420,0,"Par was bid",-
121,2024.09.03,121,EPBot1,EPBot3,EPBot2,EPBot4,"3H N =",140,0.00%,"4HX NS-1",-100,6,"They missed partial",-
122,2024.09.03,122,EPBot1,EPBot3,EPBot2,EPBot4,"3S S -1",-100,0.00%,"3H EW",-140,1,"They missed double",-
123,2024.09.03,123,EPBot1,EPBot3,EPBot2,EPBot4,"4S N =",420,0.00%,"3S NS",140,7,"We overbid - undoubled",+1
124,2024.09.03,124,EPBot1,EPBot3,EPBot2,EPBot4,"3S N =",140,0.00%,"2NX EW-1",100,1,"We overbid - undoubled",+1
125,2024.09.03,125,EPBot1,EPBot3,EPBot2,EPBot4,"3H S =",140,0.00%,"3H NS",140,0,"Par was bid",-
126,2024.09.03,126,EPBot1,EPBot3,EPBot2,EPBot4,"7N S =",1520,0.00%,"7N NS",1520,0,"Par was bid",-
127,2024.09.03,127,EPBot1,EPBot3,EPBot2,EPBot4,"4S S =",620,0.00%,"4CX EW-1",100,11,"We overbid - undoubled",+1
128,2024.09.03,128,EPBot1,EPBot3,EPBot2,EPBot4,"4S S +1",450,0.00%,"6S S",980,-11,"We missed small slam",-1
129,2024.09.03,129,EPBot1,EPBot3,EPBot2,EPBot4,"5HX S -3",-500,0.00%,"6S EW",-980,10,"They missed small slam",-
130,2024.09.03,130,EPBot1,EPBot3,EPBot2,EPBot4,"5H N -1",-100,0.00%,"4H NS+1",650,-13,"Par was bid",-1
131,2024.09.03,131,EPBot1,EPBot3,EPBot2,EPBot4,"3S S -1",-50,0.00%,"3S NS",140,-5,"Par was bid",-1
132,2024.09.03,132,EPBot1,EPBot3,EPBot2,EPBot4,"3H N +1",170,0.00%,"4H NS",620,-10,"We missed game",-
133,2024.09.03,133,EPBot1,EPBot3,EPBot2,EPBot4,"4S N +1",650,0.00%,"4S NS+1",650,0,"Par was bid",-
134,2024.09.03,134,EPBot1,EPBot3,EPBot2,EPBot4,"6S S =",980,0.00%,"7N NS",1520,-11,"We missed grand slam",-1
135,2024.09.03,135,EPBot1,EPBot3,EPBot2,EPBot4,"3S E +1",-170,0.00%,"4S EW",-620,10,"They missed game",-
136,2024.09.03,136,EPBot1,EPBot3,EPBot2,EPBot4,"5H N -1",-50,0.00%,"4H NS+1",450,-11,"Par was bid",-1
137,2024.09.03,137,EPBot1,EPBot3,EPBot2,EPBot4,"4H S =",420,0.00%,"3N NS",400,1,"We overbid - undoubled",+1
138,2024.09.03,138,EPBot1,EPBot3,EPBot2,EPBot4,"3H E =",-140,0.00%,"2H EW+1",-140,0,"Par was bid",-
139,2024.09.03,139,EPBot1,EPBot3,EPBot2,EPBot4,"4S S +2",480,0.00%,"6S NS",980,-11,"We missed small slam",-
140,2024.09.03,140,EPBot1,EPBot3,EPBot2,EPBot4,"6HX S -1",-200,0.00%,"4SX E-2",300,-11,"We overbid - doubled",+1
141,2024.09.03,141,EPBot1,EPBot3,EPBot2,EPBot4,"3S S -1",-100,0.00%,"5C E",-600,11,"They missed game",-
142,2024.09.03,142,EPBot1,EPBot3,EPBot2,EPBot4,"4S N =",420,0.00%,"4S NS+1",450,-1,"Par was bid",-1
143,2024.09.03,143,EPBot1,EPBot3,EPBot2,EPBot4,"7N S =",2220,0.00%,"7N NS",2220,0,"Par was bid",-
144,2024.09.03,144,EPBot1,EPBot3,EPBot2,EPBot4,"4H S +1",450,0.00%,"4H NS+1",450,0,"Par was bid",-
145,2024.09.03,145,EPBot1,EPBot3,EPBot2,EPBot4,"3S N +1",170,0.00%,"2S NS+1",140,1,"Par was bid",+1
146,2024.09.03,146,EPBot1,EPBot3,EPBot2,EPBot4,"4S S =",620,0.00%,"3N N+2",660,-1,"We missed best contract",-1
147,2024.09.03,147,EPBot1,EPBot3,EPBot2,EPBot4,"3H S +1",170,0.00%,"5HX NS-2",-300,10,"They missed game",+1
148,2024.09.03,148,EPBot1,EPBot3,EPBot2,EPBot4,"4H S +2",680,0.00%,"6H NS",1430,-13,"We missed small slam",-
149,2024.09.03,149,EPBot1,EPBot3,EPBot2,EPBot4,"4S N =",620,0.00%,"4S NS",620,0,"Par was bid",-
150,2024.09.03,150,EPBot1,EPBot3,EPBot2,EPBot4,"3SX S =",530,0.00%,"3H EW",-140,12,"We overbid - doubled",+2
151,2024.09.03,151,EPBot1,EPBot3,EPBot2,EPBot4,"3H N =",140,0.00%,"3H NS",140,0,"Par was bid",-
152,2024.09.03,152,EPBot1,EPBot3,EPBot2,EPBot4,"4H S =",420,0.00%,"4H NS+1",450,-1,"Par was bid",-1
153,2024.09.03,153,EPBot1,EPBot3,EPBot2,EPBot4,"4H N =",420,0.00%,"4H NS+1",450,-1,"Par was bid",-1
154,2024.09.03,154,EPBot1,EPBot3,EPBot2,EPBot4,"3C E +1",-130,0.00%,"5CX EW-2",500,-12,"We missed game",-1
155,2024.09.03,155,EPBot1,EPBot3,EPBot2,EPBot4,"3H S -1",-50,0.00%,"2S EW+1",-140,3,"They missed double",+1
156,2024.09.03,156,EPBot1,EPBot3,EPBot2,EPBot4,"4S N =",620,0.00%,"4S NS",620,0,"Par was bid",-
157,2024.09.03,157,EPBot1,EPBot3,EPBot2,EPBot4,"3H S +1",170,0.00%,"3S EW",-140,7,"They missed partial",+1
158,2024.09.03,158,EPBot1,EPBot3,EPBot2,EPBot4,"4H S =",420,0.00%,"4H NS",420,0,"Par was bid",-
159,2024.09.03,159,EPBot1,EPBot3,EPBot2,EPBot4,"6H N -1",-100,0.00%,"4H NS+1",650,-13,"We overbid - undoubled",-
160,2024.09.03,160,EPBot1,EPBot3,EPBot2,EPBot4,"3S S =",140,0.00%,"4SX NS-1",-100,6,"They missed game",-
161,2024.09.03,161,EPBot1,EPBot3,EPBot2,EPBot4,"4H N =",420,0.00%,"2H NS+1",140,7,"We overbid - undoubled",+1
162,2024.09.03,162,EPBot1,EPBot3,EPBot2,EPBot4,"3S S =",140,0.00%,"3H EW",-140,7,"We overbid - undoubled",+2
163,2024.09.03,163,EPBot1,EPBot3,EPBot2,EPBot4,"4S S +1",450,0.00%,"6D N",920,-10,"We missed small slam",-
164,2024.09.03,164,EPBot1,EPBot3,EPBot2,EPBot4,"3H N =",140,0.00%,"2H NS+1",140,0,"Par was bid",-
165,2024.09.03,165,EPBot1,EPBot3,EPBot2,EPBot4,"4H N =",620,0.00%,"3N NS+1",630,0,"We missed best contract",-
166,2024.09.03,166,EPBot1,EPBot3,EPBot2,EPBot4,"3H N +1",170,0.00%,"4H NS",420,-6,"We missed game",-
167,2024.09.03,167,EPBot1,EPBot3,EPBot2,EPBot4,"4H N +1",650,0.00%,"4H NS+1",650,0,"Par was bid",-
168,2024.09.03,168,EPBot1,EPBot3,EPBot2,EPBot4,"4H S +1",450,0.00%,"4H NS+1",450,0,"Par was bid",-
169,2024.09.03,169,EPBot1,EPBot3,EPBot2,EPBot4,"3S N =",140,0.00%,"4SX NS-1",-100,6,"They missed partial",-
170,2024.09.03,170,EPBot1,EPBot3,EPBot2,EPBot4,"4H S -1",-100,0.00%,"4H NS",620,-12,"Par was bid",-1
171,2024.09.03,171,EPBot1,EPBot3,EPBot2,EPBot4,"4SX E -1",100,0.00%,"4SX EW-1",100,0,"Par was bid",-
172,2024.09.03,172,EPBot1,EPBot3,EPBot2,EPBot4,"4H S -1",-100,0.00%,"4DX EW-3",500,-12,"We overbid - undoubled",-
173,2024.09.03,173,EPBot1,EPBot3,EPBot2,EPBot4,"4H N =",620,0.00%,"3N NS+2",660,-1,"We missed best contract",-1
174,2024.09.03,174,EPBot1,EPBot3,EPBot2,EPBot4,"7N S =",1520,0.00%,"7N NS",1520,0,"Par was bid",-
175,2024.09.03,175,EPBot1,EPBot3,EPBot2,EPBot4,"4H S =",620,0.00%,"4SX EW-1",100,11,"They missed sacrifice",-
176,2024.09.03,176,EPBot1,EPBot3,EPBot2,EPBot4,"3S N +1",170,0.00%,"4S NS",420,-6,"We missed game",-
177,2024.09.03,177,EPBot1,EPBot3,EPBot2,EPBot4,"2S S =",110,0.00%,"2N EW",-120,6,"They missed partial",+1
178,2024.09.03,178,EPBot1,EPBot3,EPBot2,EPBot4,"4H N =",620,0.00%,"4H S+1",650,-1,"We wrong-side contract",-
179,2024.09.03,179,EPBot1,EPBot3,EPBot2,EPBot4,"3S S =",140,0.00%,"4SX NS-2",-300,10,"They missed game",+1
180,2024.09.03,180,EPBot1,EPBot3,EPBot2,EPBot4,"5H N -1",-100,0.00%,"3N N+2",660,-13,"We missed best contract",-1
181,2024.09.03,181,EPBot1,EPBot3,EPBot2,EPBot4,"4H N +1",650,0.00%,"7CX EW-6",1400,-13,"We missed small slam",-
182,2024.09.03,182,EPBot1,EPBot3,EPBot2,EPBot4,"3S S +1",170,0.00%,"4S NS",420,-6,"We missed game",-
183,2024.09.03,183,EPBot1,EPBot3,EPBot2,EPBot4,"5C W -2",200,0.00%,"4C EW",-130,8,"They overbid - undoubled",+1
184,2024.09.03,184,EPBot1,EPBot3,EPBot2,EPBot4,"2S S +1",140,0.00%,"4S NS",420,-7,"We missed game",-1
185,2024.09.03,185,EPBot1,EPBot3,EPBot2,EPBot4,"3S E =",-140,0.00%,"4HX NS-1",-100,-1,"We missed sacrifice",-
186,2024.09.03,186,EPBot1,EPBot3,EPBot2,EPBot4,"3H N +1",170,0.00%,"3H NS",140,1,"Par was bid",+1
187,2024.09.03,187,EPBot1,EPBot3,EPBot2,EPBot4,"4S N =",420,0.00%,"5S NS",450,-1,"They missed sacrifice",-1
188,2024.09.03,188,EPBot1,EPBot3,EPBot2,EPBot4,"3SX S -1",-200,0.00%,"3N E+1",-430,6,"We overbid - doubled",+2
189,2024.09.03,189,EPBot1,EPBot3,EPBot2,EPBot4,"3H S -2",-200,0.00%,"4S EW+1",-650,10,"They missed game",-
190,2024.09.03,190,EPBot1,EPBot3,EPBot2,EPBot4,"4H N +1",450,0.00%,"6N NS",990,-11,"We missed small slam",-1
191,2024.09.03,191,EPBot1,EPBot3,EPBot2,EPBot4,"4H S +2",680,0.00%,"6SX EW-6",1400,-12,"We missed small slam",-
192,2024.09.03,192,EPBot1,EPBot3,EPBot2,EPBot4,"4S N +1",450,0.00%,"4S NS+1",450,0,"Par was bid",-
193,2024.09.03,193,EPBot1,EPBot3,EPBot2,EPBot4,"3S N =",140,0.00%,"2S NS+1",140,0,"Par was bid",-
194,2024.09.03,194,EPBot1,EPBot3,EPBot2,EPBot4,"4S N =",620,0.00%,"4S NS+1",650,-1,"Par was bid",-1
195,2024.09.03,195,EPBot1,EPBot3,EPBot2,EPBot4,"4S N +1",450,0.00%,"6S NS",980,-11,"We missed small slam",-1
196,2024.09.03,196,EPBot1,EPBot3,EPBot2,EPBot4,"4S S +1",650,0.00%,"4S NS",620,1,"Par was bid",+1
197,2024.09.03,197,EPBot1,EPBot3,EPBot2,EPBot4,"3H N +1",170,0.00%,"3H NS",140,1,"Par was bid",+1
198,2024.09.03,198,EPBot1,EPBot3,EPBot2,EPBot4,"4S N +1",450,0.00%,"4S NS+1",450,0,"Par was bid",-
199,2024.09.03,199,EPBot1,EPBot3,EPBot2,EPBot4,"6H S =",1430,0.00%,"6H NS",1430,0,"Par was bid",-
200,2024.09.03,200,EPBot1,EPBot3,EPBot2,EPBot4,"6H S =",980,0.00%,"6N NS",990,0,"We missed best contract",-
201,2024.09.03,201,EPBot1,EPBot3,EPBot2,EPBot4,"6H S =",980,0.00%,"6N NS",990,0,"We missed best contract",-
202,2024.09.03,202,EPBot1,EPBot3,EPBot2,EPBot4,"6S S =",1430,0.00%,"6N NS",1440,0,"We missed best contract",-
203,2024.09.03,203,EPBot1,EPBot3,EPBot2,EPBot4,"4H N +1",450,0.00%,"6H NS",980,-11,"We missed small slam",-1
204,2024.09.03,204,EPBot1,EPBot3,EPBot2,EPBot4,"4H N +1",650,0.00%,"4H NS",620,1,"Par was bid",+1
205,2024.09.03,205,EPBot1,EPBot3,EPBot2,EPBot4,"4S S +2",680,0.00%,"7S NS",2210,-17,"We missed grand slam",-1
206,2024.09.03,206,EPBot1,EPBot3,EPBot2,EPBot4,"4H N +1",450,0.00%,"3N NS+2",460,0,"We missed best contract",-
207,2024.09.03,207,EPBot1,EPBot3,EPBot2,EPBot4,"4H N =",620,0.00%,"4H NS+1",650,-1,"Par was bid",-1
208,2024.09.03,208,EPBot1,EPBot3,EPBot2,EPBot4,"3S S -1",-50,0.00%,"3N NS",400,-10,"We missed game",-
209,2024.09.03,209,EPBot1,EPBot3,EPBot2,EPBot4,"4S N =",420,0.00%,"4CX EW-1",100,8,"We overbid - undoubled",+1
210,2024.09.03,210,EPBot1,EPBot3,EPBot2,EPBot4,"3S N =",140,0.00%,"3S NS",140,0,"Par was bid",-
211,2024.09.03,211,EPBot1,EPBot3,EPBot2,EPBot4,"4H N =",420,0.00%,"4H NS",420,0,"Par was bid",-
212,2024.09.03,212,EPBot1,EPBot3,EPBot2,EPBot4,"6H N -1",-100,0.00%,"3N S+2",660,-13,"We overbid - undoubled",-
213,2024.09.03,213,EPBot1,EPBot3,EPBot2,EPBot4,"6S S =",1430,0.00%,"6N NS",1440,0,"We missed best contract",-
214,2024.09.03,214,EPBot1,EPBot3,EPBot2,EPBot4,"3S N =",140,0.00%,"3C EW",-110,6,"They missed double",+2
215,2024.09.03,215,EPBot1,EPBot3,EPBot2,EPBot4,"7N S =",2220,0.00%,"7N NS",2220,0,"Par was bid",-
216,2024.09.03,216,EPBot1,EPBot3,EPBot2,EPBot4,"4H N =",420,0.00%,"4H NS",420,0,"Par was bid",-
217,2024.09.03,217,EPBot1,EPBot3,EPBot2,EPBot4,"3S N =",140,0.00%,"2N EW",-120,6,"They missed double",+2
218,2024.09.03,218,EPBot1,EPBot3,EPBot2,EPBot4,"4H N =",620,0.00%,"2H NS+1",140,10,"We overbid - undoubled",+1
219,2024.09.03,219,EPBot1,EPBot3,EPBot2,EPBot4,"4H N =",420,0.00%,"5H NS",450,-1,"They missed sacrifice",-1
220,2024.09.03,220,EPBot1,EPBot3,EPBot2,EPBot4,"6S S =",1430,0.00%,"3N N+2",660,13,"We overbid - undoubled",+1
221,2024.09.03,221,EPBot1,EPBot3,EPBot2,EPBot4,"5H S =",650,0.00%,"3N NS+2",660,0,"We missed game",+1
222,2024.09.03,222,EPBot1,EPBot3,EPBot2,EPBot4,"4S N =",420,0.00%,"4S NS",420,0,"Par was bid",-
223,2024.09.03,223,EPBot1,EPBot3,EPBot2,EPBot4,"4S N =",620,0.00%,"4S NS",620,0,"Par was bid",-
224,2024.09.03,224,EPBot1,EPBot3,EPBot2,EPBot4,"6N N =",990,0.00%,"6N NS",990,0,"Par was bid",-
225,2024.09.03,225,EPBot1,EPBot3,EPBot2,EPBot4,"5S N -1",-50,0.00%,"4H NS+1",450,-11,"Par was bid",-1
226,2024.09.03,226,EPBot1,EPBot3,EPBot2,EPBot4,"3H S =",140,0.00%,"4H NS+1",650,-11,"We missed game",-2
227,2024.09.03,227,EPBot1,EPBot3,EPBot2,EPBot4,"4S S =",420,0.00%,"4S NS",420,0,"Par was bid",-
228,2024.09.03,228,EPBot1,EPBot3,EPBot2,EPBot4,"3S W +1",-170,0.00%,"4S EW+1",-650,10,"They missed game",+1
229,2024.09.03,229,EPBot1,EPBot3,EPBot2,EPBot4,"4S S =",620,0.00%,"5DX EW-3",500,3,"They missed sacrifice",-
230,2024.09.03,230,EPBot1,EPBot3,EPBot2,EPBot4,"3H S +1",170,0.00%,"4H NS",420,-6,"We missed game",-
231,2024.09.03,231,EPBot1,EPBot3,EPBot2,EPBot4,"2H S =",110,0.00%,"2H NS+1",140,-1,"Par was bid",-1
232,2024.09.03,232,EPBot1,EPBot3,EPBot2,EPBot4,"4S S +1",450,0.00%,"4S NS",420,1,"Par was bid",+1
233,2024.09.03,233,EPBot1,EPBot3,EPBot2,EPBot4,"3H N =",140,0.00%,"4S EW",-620,13,"They missed game",+2
234,2024.09.03,234,EPBot1,EPBot3,EPBot2,EPBot4,"3S N +1",170,0.00%,"4S NS",620,-10,"We missed game",-
235,2024.09.03,235,EPBot1,EPBot3,EPBot2,EPBot4,"4H N +1",450,0.00%,"3N NS+2",460,0,"We missed best contract",+1
236,2024.09.03,236,EPBot1,EPBot3,EPBot2,EPBot4,"4H S -1",-100,0.00%,"4CX EW-2",300,-9,"We overbid - undoubled",-
237,2024.09.03,237,EPBot1,EPBot3,EPBot2,EPBot4,"6H N -1",-100,0.00%,"4H NS+1",650,-13,"We overbid - undoubled",-
238,2024.09.03,238,EPBot1,EPBot3,EPBot2,EPBot4,"4S N +1",450,0.00%,"4S NS+1",450,0,"Par was bid",-
239,2024.09.03,239,EPBot1,EPBot3,EPBot2,EPBot4,"5CX E -4",800,0.00%,"4S NS",620,5,"They overbid - doubled",-
240,2024.09.03,240,EPBot1,EPBot3,EPBot2,EPBot4,"5S N =",450,0.00%,"6H NS",980,-11,"We missed small slam",-1
241,2024.09.03,241,EPBot1,EPBot3,EPBot2,EPBot4,"4H N =",420,0.00%,"4H NS+1",450,-1,"Par was bid",-1
242,2024.09.03,242,EPBot1,EPBot3,EPBot2,EPBot4,"4S N +1",650,0.00%,"4H NS+1",650,0,"Par was bid",-
243,2024.09.03,243,EPBot1,EPBot3,EPBot2,EPBot4,"3S S -1",-50,0.00%,"3C EW",-110,2,"They missed double",+1
244,2024.09.03,244,EPBot1,EPBot3,EPBot2,EPBot4,"4S S +1",650,0.00%,"4S NS+1",650,0,"Par was bid",-
245,2024.09.03,245,EPBot1,EPBot3,EPBot2,EPBot4,"4H S +1",650,0.00%,"4H NS+1",650,0,"Par was bid",-
246,2024.09.03,246,EPBot1,EPBot3,EPBot2,EPBot4,"3S N +1",170,0.00%,"4S NS",420,-6,"We missed game",-
247,2024.09.03,247,EPBot1,EPBot3,EPBot2,EPBot4,"4H N +1",650,0.00%,"4H NS+1",650,0,"Par was bid",-
248,2024.09.03,248,EPBot1,EPBot3,EPBot2,EPBot4,"4S S +1",450,0.00%,"3N NS+2",460,0,"We missed best contract",-
249,2024.09.03,249,EPBot1,EPBot3,EPBot2,EPBot4,"4H N +1",450,0.00%,"6H NS",980,-11,"We missed small slam",-1
250,2024.09.03,250,EPBot1,EPBot3,EPBot2,EPBot4,"5H S =",650,0.00%,"6N NS",1440,-13,"We missed small slam",-1
251,2024.09.03,251,EPBot1,EPBot3,EPBot2,EPBot4,"4H S =",420,0.00%,"4N N",430,0,"We missed game",+1
252,2024.09.03,252,EPBot1,EPBot3,EPBot2,EPBot4,"4S S +1",650,0.00%,"4S NS+1",650,0,"Par was bid",-
253,2024.09.03,253,EPBot1,EPBot3,EPBot2,EPBot4,"3S N =",140,0.00%,"3S NS",140,0,"Par was bid",-
254,2024.09.03,254,EPBot1,EPBot3,EPBot2,EPBot4,"3H N =",140,0.00%,"3H NS",140,0,"Par was bid",-
255,2024.09.03,255,EPBot1,EPBot3,EPBot2,EPBot4,"6S S =",1430,0.00%,"7N NS",2220,-13,"We missed grand slam",-1
256,2024.09.03,256,EPBot1,EPBot3,EPBot2,EPBot4,"4S N =",420,0.00%,"4S NS",420,0,"Par was bid",-
257,2024.09.03,257,EPBot1,EPBot3,EPBot2,EPBot4,"4S N =",420,0.00%,"6S NS",980,-11,"We missed small slam",-2
258,2024.09.03,258,EPBot1,EPBot3,EPBot2,EPBot4,"4S S +1",650,0.00%,"5CX EW-2",300,8,"They missed sacrifice",+1
259,2024.09.03,259,EPBot1,EPBot3,EPBot2,EPBot4,"6S S -1",-50,0.00%,"6N NS",990,-14,"We missed best contract",-1
260,2024.09.03,260,EPBot1,EPBot3,EPBot2,EPBot4,"6S S =",1430,0.00%,"6S NS",1430,0,"Par was bid",-
261,2024.09.03,261,EPBot1,EPBot3,EPBot2,EPBot4,"3S N =",140,0.00%,"2S NS+1",140,0,"Par was bid",-
262,2024.09.03,262,EPBot1,EPBot3,EPBot2,EPBot4,"4H S +1",450,0.00%,"3N NS+2",460,0,"We missed best contract",-
263,2024.09.03,263,EPBot1,EPBot3,EPBot2,EPBot4,"5S N =",650,0.00%,"6N NS",1440,-13,"We missed small slam",-1
264,2024.09.03,264,EPBot1,EPBot3,EPBot2,EPBot4,"3S S =",140,0.00%,"4CX E-1",100,1,"They missed sacrifice",-
265,2024.09.03,265,EPBot1,EPBot3,EPBot2,EPBot4,"4S N =",420,0.00%,"2N NS",120,7,"We overbid - undoubled",+2
266,2024.09.03,266,EPBot1,EPBot3,EPBot2,EPBot4,"3D E =",-110,0.00%,"2S EW+1",-140,1,"They missed best contract",-
267,2024.09.03,267,EPBot1,EPBot3,EPBot2,EPBot4,"2S S +1",140,0.00%,"3N NS+1",430,-7,"We missed game",-1
268,2024.09.03,268,EPBot1,EPBot3,EPBot2,EPBot4,"4H S =",620,0.00%,"4SX EW-3",500,3,"They missed sacrifice",-
269,2024.09.03,269,EPBot1,EPBot3,EPBot2,EPBot4,"3H N -1",-100,0.00%,"3H NS",140,-6,"Par was bid",-1
270,2024.09.03,270,EPBot1,EPBot3,EPBot2,EPBot4,"2S S +1",140,0.00%,"3S NS",140,0,"They missed sacrifice",-
271,2024.09.03,271,EPBot1,EPBot3,EPBot2,EPBot4,"3H N +1",170,0.00%,"4H NS",620,-10,"We missed game",-
272,2024.09.03,272,EPBot1,EPBot3,EPBot2,EPBot4,"4H N =",420,0.00%,"4H NS",420,0,"Par was bid",-
273,2024.09.03,273,EPBot1,EPBot3,EPBot2,EPBot4,"6HX S =",1210,0.00%,"2H NS+1",140,14,"We overbid - doubled",+3
274,2024.09.03,274,EPBot1,EPBot3,EPBot2,EPBot4,"4S N +1",650,0.00%,"5HX EW-3",500,4,"They missed sacrifice",+1
275,2024.09.03,275,EPBot1,EPBot3,EPBot2,EPBot4,"4S N +1",450,0.00%,"6S N",980,-11,"We missed small slam",-1
276,2024.09.03,276,EPBot1,EPBot3,EPBot2,EPBot4,"3H N =",140,0.00%,"4S EW",-620,13,"They missed game",+1
277,2024.09.03,277,EPBot1,EPBot3,EPBot2,EPBot4,"6C N =",1370,0.00%,"7N NS",2220,-13,"We missed grand slam",-1
278,2024.09.03,278,EPBot1,EPBot3,EPBot2,EPBot4,"2S S +1",140,0.00%,"3SX NS-1",-100,6,"They missed partial",+1
279,2024.09.03,279,EPBot1,EPBot3,EPBot2,EPBot4,"3S N =",140,0.00%,"2H NS+1",140,0,"Par was bid",-
280,2024.09.03,280,EPBot1,EPBot3,EPBot2,EPBot4,"3S N +1",170,0.00%,"4S NS",420,-6,"We missed game",-
281,2024.09.03,281,EPBot1,EPBot3,EPBot2,EPBot4,"4H N =",420,0.00%,"4H NS",420,0,"Par was bid",-
282,2024.09.03,282,EPBot1,EPBot3,EPBot2,EPBot4,"4H S +1",650,0.00%,"4H NS+1",650,0,"Par was bid",-
283,2024.09.03,283,EPBot1,EPBot3,EPBot2,EPBot4,"6H S -1",-50,0.00%,"3N NS+2",460,-11,"We overbid - undoubled",-
284,2024.09.03,284,EPBot1,EPBot3,EPBot2,EPBot4,"4H S =",620,0.00%,"3N NS+1",630,0,"We missed best contract",-
285,2024.09.03,285,EPBot1,EPBot3,EPBot2,EPBot4,"4S N +1",650,0.00%,"4H NS+1",650,0,"Par was bid",-
286,2024.09.03,286,EPBot1,EPBot3,EPBot2,EPBot4,"6H N =",980,0.00%,"6N NS",990,0,"We missed best contract",-
287,2024.09.03,287,EPBot1,EPBot3,EPBot2,EPBot4,"3S S +1",170,0.00%,"3S NS",140,1,"Par was bid",+1
288,2024.09.03,288,EPBot1,EPBot3,EPBot2,EPBot4,"4S S =",420,0.00%,"4SX NS-1",-100,11,"They missed double",+1
289,2024.09.03,289,EPBot1,EPBot3,EPBot2,EPBot4,"3S S -1",-50,0.00%,"4H EW",-420,9,"They missed game",+1
290,2024.09.03,290,EPBot1,EPBot3,EPBot2,EPBot4,"4SX W -2",300,0.00%,"3S EW",-140,10,"They overbid - doubled",+1
291,2024.09.03,291,EPBot1,EPBot3,EPBot2,EPBot4,"3H N =",140,0.00%,"4H S",420,-7,"We missed game",-
292,2024.09.03,292,EPBot1,EPBot3,EPBot2,EPBot4,"4H S +1",650,0.00%,"4N NS+1",660,0,"We missed best contract",-
293,2024.09.03,293,EPBot1,EPBot3,EPBot2,EPBot4,"4S N +1",650,0.00%,"4N NS+1",660,0,"We missed best contract",+1
294,2024.09.03,294,EPBot1,EPBot3,EPBot2,EPBot4,"3H S -2",-100,0.00%,"2S EW+1",-140,1,"We overbid - undoubled",+1
295,2024.09.03,295,EPBot1,EPBot3,EPBot2,EPBot4,"6C N =",1370,0.00%,"6N NS",1440,-2,"We missed best contract",-
296,2024.09.03,296,EPBot1,EPBot3,EPBot2,EPBot4,"3H S +2",200,0.00%,"6H NS",980,-13,"We missed small slam",-1
297,2024.09.03,297,EPBot1,EPBot3,EPBot2,EPBot4,"4H S +1",450,0.00%,"4H S+1",450,0,"Par was bid",-
298,2024.09.03,298,EPBot1,EPBot3,EPBot2,EPBot4,"4H N =",620,0.00%,"4H NS",620,0,"Par was bid",-
299,2024.09.03,299,EPBot1,EPBot3,EPBot2,EPBot4,"3H N +1",170,0.00%,"3H NS",140,1,"Par was bid",+1
300,2024.09.03,300,EPBot1,EPBot3,EPBot2,EPBot4,"4S N +1",650,0.00%,"6S NS",1430,-13,"We missed small slam",-1
301,2024.09.03,301,EPBot1,EPBot3,EPBot2,EPBot4,"3C E =",-110,0.00%,"2S EW+1",-140,1,"They missed best contract",-
302,2024.09.03,302,EPBot1,EPBot3,EPBot2,EPBot4,"4H S =",420,0.00%,"4H NS+1",450,-1,"Par was bid",-1
303,2024.09.03,303,EPBot1,EPBot3,EPBot2,EPBot4,"3H N +1",170,0.00%,"2S EW",-110,7,"They missed double",+2
304,2024.09.03,304,EPBot1,EPBot3,EPBot2,EPBot4,"6S N -1",-50,0.00%,"6N NS",990,-14,"We missed best contract",-1
305,2024.09.03,305,EPBot1,EPBot3,EPBot2,EPBot4,"2S S =",110,0.00%,"4H EW+1",-450,11,"They missed game",+2
306,2024.09.03,306,EPBot1,EPBot3,EPBot2,EPBot4,"4SX E -2",300,0.00%,"6SX EW-4",800,-11,"We missed small slam",-
307,2024.09.03,307,EPBot1,EPBot3,EPBot2,EPBot4,"4H N =",420,0.00%,"4H NS+1",450,-1,"Par was bid",-1
308,2024.09.03,308,EPBot1,EPBot3,EPBot2,EPBot4,"4DX E -1",200,0.00%,"2S NS+1",140,2,"They overbid - doubled",-1
309,2024.09.03,309,EPBot1,EPBot3,EPBot2,EPBot4,"4D E -1",50,0.00%,"2C EW+2",-130,5,"Par was bid",+1
310,2024.09.03,310,EPBot1,EPBot3,EPBot2,EPBot4,"2S S +1",140,0.00%,"1N NS+1",120,1,"We missed best contract",+1
311,2024.09.03,311,EPBot1,EPBot3,EPBot2,EPBot4,"4H S =",620,0.00%,"3N NS+2",660,-1,"We missed best contract",-1
312,2024.09.03,312,EPBot1,EPBot3,EPBot2,EPBot4,"5H S =",450,0.00%,"6N NS",990,-11,"We missed small slam",-1
313,2024.09.03,313,EPBot1,EPBot3,EPBot2,EPBot4,"6S N -1",-50,0.00%,"6S NS",980,-14,"Par was bid",-1
314,2024.09.03,314,EPBot1,EPBot3,EPBot2,EPBot4,"4H N +1",650,0.00%,"6H NS",1430,-13,"We missed small slam",-1
315,2024.09.03,315,EPBot1,EPBot3,EPBot2,EPBot4,"4S S +1",450,0.00%,"6S NS",980,-11,"We missed small slam",-1
316,2024.09.03,316,EPBot1,EPBot3,EPBot2,EPBot4,"6H N -1",-100,0.00%,"3N NS+2",660,-13,"We overbid - undoubled",-
317,2024.09.03,317,EPBot1,EPBot3,EPBot2,EPBot4,"6H S -1",-100,0.00%,"6N NS",1440,-17,"We missed best contract",-1
318,2024.09.03,318,EPBot1,EPBot3,EPBot2,EPBot4,"2H S +2",170,0.00%,"4SX EW-2",300,-4,"We missed game",-
319,2024.09.03,319,EPBot1,EPBot3,EPBot2,EPBot4,"6H N -2",-200,0.00%,"3N NS+2",660,-13,"We overbid - undoubled",-1
320,2024.09.03,320,EPBot1,EPBot3,EPBot2,EPBot4,"4S S =",420,0.00%,"3S NS",140,7,"We overbid - undoubled",+1
321,2024.09.03,321,EPBot1,EPBot3,EPBot2,EPBot4,"6S N =",980,0.00%,"7S NS",1510,-11,"We missed grand slam",-1
322,2024.09.03,322,EPBot1,EPBot3,EPBot2,EPBot4,"4H S =",620,0.00%,"4SX EW-1",100,11,"We overbid - undoubled",+1
323,2024.09.03,323,EPBot1,EPBot3,EPBot2,EPBot4,"6H N =",980,0.00%,"7H NS",1510,-11,"We missed grand slam",-1
324,2024.09.03,324,EPBot1,EPBot3,EPBot2,EPBot4,"4S S +1",650,0.00%,"5CX EW-2",500,4,"They missed sacrifice",+1
325,2024.09.03,325,EPBot1,EPBot3,EPBot2,EPBot4,"3S E -1",50,0.00%,"5H NS",650,-12,"We missed game",-1
326,2024.09.03,326,EPBot1,EPBot3,EPBot2,EPBot4,"6D N -1",-50,0.00%,"4H NS+1",450,-11,"We overbid - undoubled",+1
327,2024.09.03,327,EPBot1,EPBot3,EPBot2,EPBot4,"2H S -1",-100,0.00%,"4S NS",620,-12,"We missed game",-1
328,2024.09.03,328,EPBot1,EPBot3,EPBot2,EPBot4,"4S S =",420,0.00%,"3C EW+1",-130,11,"We overbid - undoubled",+3
329,2024.09.03,329,EPBot1,EPBot3,EPBot2,EPBot4,"4H N +1",450,0.00%,"4H NS+1",450,0,"Par was bid",-
330,2024.09.03,330,EPBot1,EPBot3,EPBot2,EPBot4,"5H N +1",680,0.00%,"6N NS",1440,-13,"We missed small slam",-
331,2024.09.03,331,EPBot1,EPBot3,EPBot2,EPBot4,"4S S =",420,0.00%,"4S NS+1",450,-1,"Par was bid",-1
332,2024.09.03,332,EPBot1,EPBot3,EPBot2,EPBot4,"4S N =",620,0.00%,"4S NS",620,0,"Par was bid",-
333,2024.09.03,333,EPBot1,EPBot3,EPBot2,EPBot4,"3H S +1",170,0.00%,"3H NS",140,1,"Par was bid",+1
334,2024.09.03,334,EPBot1,EPBot3,EPBot2,EPBot4,"4S N =",420,0.00%,"4S NS+1",450,-1,"Par was bid",-1
335,2024.09.03,335,EPBot1,EPBot3,EPBot2,EPBot4,"3S E =",-140,0.00%,"2S EW+1",-140,0,"Par was bid",-
336,2024.09.03,336,EPBot1,EPBot3,EPBot2,EPBot4,"4H S +1",450,0.00%,"6H NS",980,-11,"We missed small slam",-1
337,2024.09.03,337,EPBot1,EPBot3,EPBot2,EPBot4,"4S N +1",450,0.00%,"4S NS+1",450,0,"Par was bid",-
338,2024.09.03,338,EPBot1,EPBot3,EPBot2,EPBot4,"6H S =",1430,0.00%,"7CX EW-5",1100,8,"They missed sacrifice",-
339,2024.09.03,339,EPBot1,EPBot3,EPBot2,EPBot4,"3S N +1",170,0.00%,"4S NS",420,-6,"We missed game",-
340,2024.09.03,340,EPBot1,EPBot3,EPBot2,EPBot4,"4H N +1",650,0.00%,"4H NS+1",650,0,"Par was bid",-
341,2024.09.03,341,EPBot1,EPBot3,EPBot2,EPBot4,"4S S +2",680,0.00%,"7DX EW-5",1100,-9,"We missed small slam",-
342,2024.09.03,342,EPBot1,EPBot3,EPBot2,EPBot4,"4H S +1",450,0.00%,"6H NS",980,-11,"We missed small slam",-1
343,2024.09.03,343,EPBot1,EPBot3,EPBot2,EPBot4,"3NX W -3",800,0.00%,"3H NS",140,12,"They overbid - doubled",-2
344,2024.09.03,344,EPBot1,EPBot3,EPBot2,EPBot4,"4H N =",420,0.00%,"2NX NS-1",-100,11,"They missed double",+2
345,2024.09.03,345,EPBot1,EPBot3,EPBot2,EPBot4,"3H S -1",-50,0.00%,"2H NS+1",140,-5,"Par was bid",-1
346,2024.09.03,346,EPBot1,EPBot3,EPBot2,EPBot4,"5S S +1",680,0.00%,"7N NS",2220,-17,"We missed grand slam",-1
347,2024.09.03,347,EPBot1,EPBot3,EPBot2,EPBot4,"4S S +1",450,0.00%,"6HX EW-2",300,4,"They missed sacrifice",-
348,2024.09.03,348,EPBot1,EPBot3,EPBot2,EPBot4,"6D N =",1370,0.00%,"7CX EW-4",800,11,"We missed small slam",+1
349,2024.09.03,349,EPBot1,EPBot3,EPBot2,EPBot4,"4H S -1",-100,0.00%,"3N NS",600,-12,"We overbid - undoubled",-
350,2024.09.03,350,EPBot1,EPBot3,EPBot2,EPBot4,"3S S -1",-50,0.00%,"4SX NS-2",-300,6,"They missed game",-
351,2024.09.03,351,EPBot1,EPBot3,EPBot2,EPBot4,"5S N -1",-100,0.00%,"4S NS",620,-12,"We overbid - undoubled",-
352,2024.09.03,352,EPBot1,EPBot3,EPBot2,EPBot4,"3N S =",400,0.00%,"4DX EW-1",200,5,"They missed sacrifice",-
353,2024.09.03,353,EPBot1,EPBot3,EPBot2,EPBot4,"5S N +1",480,0.00%,"6N S",990,-11,"We missed small slam",+1
354,2024.09.03,354,EPBot1,EPBot3,EPBot2,EPBot4,"4S N +1",650,0.00%,"4S S+1",650,0,"We wrong-side contract",+1
355,2024.09.03,355,EPBot1,EPBot3,EPBot2,EPBot4,"3S N =",140,0.00%,"2S NS+1",140,0,"Par was bid",-
356,2024.09.03,356,EPBot1,EPBot3,EPBot2,EPBot4,"4H S +1",650,0.00%,"3N NS+2",660,0,"We missed best contract",-
357,2024.09.03,357,EPBot1,EPBot3,EPBot2,EPBot4,"2H S +1",140,0.00%,"4H NS",620,-10,"We missed game",-1
358,2024.09.03,358,EPBot1,EPBot3,EPBot2,EPBot4,"4H N =",420,0.00%,"4H NS+1",450,-1,"Par was bid",-1
359,2024.09.03,359,EPBot1,EPBot3,EPBot2,EPBot4,"3H E -1",100,0.00%,"4S NS",620,-11,"We missed game",-1
360,2024.09.03,360,EPBot1,EPBot3,EPBot2,EPBot4,"3H N +2",200,0.00%,"4N NS",430,-6,"We missed game",+1
361,2024.09.03,361,EPBot1,EPBot3,EPBot2,EPBot4,"2H S +1",140,0.00%,"2H NS+1",140,0,"Par was bid",-
362,2024.09.03,362,EPBot1,EPBot3,EPBot2,EPBot4,"4H S =",620,0.00%,"3S EW",-140,13,"They missed double",+1
363,2024.09.03,363,EPBot1,EPBot3,EPBot2,EPBot4,"3S S +1",170,0.00%,"5N NS",460,-7,"We missed game",-1
364,2024.09.03,364,EPBot1,EPBot3,EPBot2,EPBot4,"4H S =",620,0.00%,"3N NS+2",660,-1,"We missed best contract",-1
365,2024.09.03,365,EPBot1,EPBot3,EPBot2,EPBot4,"4S N =",620,0.00%,"4S NS",620,0,"Par was bid",-
366,2024.09.03,366,EPBot1,EPBot3,EPBot2,EPBot4,"2H S +2",170,0.00%,"4H NS",420,-6,"We missed game",-
367,2024.09.03,367,EPBot1,EPBot3,EPBot2,EPBot4,"4H S +1",650,0.00%,"3N NS+2",660,0,"We missed best contract",-
368,2024.09.03,368,EPBot1,EPBot3,EPBot2,EPBot4,"5S S =",450,0.00%,"4S NS+1",450,0,"Par was bid",-
369,2024.09.03,369,EPBot1,EPBot3,EPBot2,EPBot4,"5H E -1",50,0.00%,"4H EW",-420,10,"They overbid - undoubled",-
370,2024.09.03,370,EPBot1,EPBot3,EPBot2,EPBot4,"4H N =",620,0.00%,"4H NS",620,0,"Par was bid",-
371,2024.09.03,371,EPBot1,EPBot3,EPBot2,EPBot4,"4S N +1",450,0.00%,"4S NS+1",450,0,"Par was bid",-
372,2024.09.03,372,EPBot1,EPBot3,EPBot2,EPBot4,"6S S -1",-100,0.00%,"6N NS",1440,-17,"We missed best contract",-1
373,2024.09.03,373,EPBot1,EPBot3,EPBot2,EPBot4,"4H S =",620,0.00%,"6N NS",1440,-13,"We missed small slam",-2
374,2024.09.03,374,EPBot1,EPBot3,EPBot2,EPBot4,"4H N =",420,0.00%,"4H NS",420,0,"Par was bid",-
375,2024.09.03,375,EPBot1,EPBot3,EPBot2,EPBot4,"4S N =",620,0.00%,"4H NS+1",650,-1,"Par was bid",-1
376,2024.09.03,376,EPBot1,EPBot3,EPBot2,EPBot4,"4H N +1",450,0.00%,"6H NS",980,-11,"We missed small slam",-1
377,2024.09.03,377,EPBot1,EPBot3,EPBot2,EPBot4,"3H N +1",170,0.00%,"4H NS",420,-6,"We missed game",-
378,2024.09.03,378,EPBot1,EPBot3,EPBot2,EPBot4,"3S N =",140,0.00%,"2S N",110,1,"We overbid - undoubled",+1
379,2024.09.03,379,EPBot1,EPBot3,EPBot2,EPBot4,"6H N +1",1010,0.00%,"7N NS",1520,-11,"We missed grand slam",-
380,2024.09.03,380,EPBot1,EPBot3,EPBot2,EPBot4,"4H S +1",650,0.00%,"4H NS+1",650,0,"Par was bid",-
381,2024.09.03,381,EPBot1,EPBot3,EPBot2,EPBot4,"4H N +1",650,0.00%,"7CX EW-5",1400,-13,"We missed small slam",-1
382,2024.09.03,382,EPBot1,EPBot3,EPBot2,EPBot4,"5H N =",450,0.00%,"6N NS",990,-11,"We missed small slam",-1
383,2024.09.03,383,EPBot1,EPBot3,EPBot2,EPBot4,"4H N =",620,0.00%,"5HX NS-1",-200,13,"They missed game",-
384,2024.09.03,384,EPBot1,EPBot3,EPBot2,EPBot4,"3S S +1",170,0.00%,"1S NS+2",140,1,"Par was bid",+1
385,2024.09.03,385,EPBot1,EPBot3,EPBot2,EPBot4,"3S N =",140,0.00%,"3N NS",400,-6,"We missed game",-
386,2024.09.03,386,EPBot1,EPBot3,EPBot2,EPBot4,"4S S +1",650,0.00%,"4S NS+1",650,0,"Par was bid",-
387,2024.09.03,387,EPBot1,EPBot3,EPBot2,EPBot4,"4S N -1",-50,0.00%,"2S NS",110,-4,"We overbid - undoubled",+1
388,2024.09.03,388,EPBot1,EPBot3,EPBot2,EPBot4,"3S N +1",170,0.00%,"4S NS",620,-10,"We missed game",-
389,2024.09.03,389,EPBot1,EPBot3,EPBot2,EPBot4,"4H S +1",650,0.00%,"4H NS+1",650,0,"Par was bid",-
390,2024.09.03,390,EPBot1,EPBot3,EPBot2,EPBot4,"3H N +1",170,0.00%,"3H NS",140,1,"Par was bid",+1
391,2024.09.03,391,EPBot1,EPBot3,EPBot2,EPBot4,"3H N =",140,0.00%,"4H NS",620,-10,"We missed game",-1
392,2024.09.03,392,EPBot1,EPBot3,EPBot2,EPBot4,"3S N +1",170,0.00%,"4S NS",420,-6,"We missed game",-
393,2024.09.03,393,EPBot1,EPBot3,EPBot2,EPBot4,"4H N +2",480,0.00%,"7H NS",1510,-14,"We missed grand slam",-1
394,2024.09.03,394,EPBot1,EPBot3,EPBot2,EPBot4,"4S N +2",680,0.00%,"6S NS",1430,-13,"We missed small slam",-
395,2024.09.03,395,EPBot1,EPBot3,EPBot2,EPBot4,"4S S +1",450,0.00%,"4S NS",420,1,"Par was bid",+1
396,2024.09.03,396,EPBot1,EPBot3,EPBot2,EPBot4,"6S N =",1430,0.00%,"6N NS",1440,0,"We missed best contract",-
397,2024.09.03,397,EPBot1,EPBot3,EPBot2,EPBot4,"4S N =",620,0.00%,"2S NS+1",140,10,"We overbid - undoubled",+1
398,2024.09.03,398,EPBot1,EPBot3,EPBot2,EPBot4,"4H S +1",450,0.00%,"4DX EW-1",100,8,"We overbid - undoubled",+2
399,2024.09.03,399,EPBot1,EPBot3,EPBot2,EPBot4,"4H N =",620,0.00%,"5H NS",650,-1,"They missed sacrifice",-1
400,2024.09.03,400,EPBot1,EPBot3,EPBot2,EPBot4,"4H N +1",450,0.00%,"6H NS",980,-11,"We missed small slam",-1
401,2024.09.03,401,EPBot1,EPBot3,EPBot2,EPBot4,"3H S -2",-100,0.00%,"3S EW",-140,1,"They missed partial",-1
402,2024.09.03,402,EPBot1,EPBot3,EPBot2,EPBot4,"2H S +1",140,0.00%,"3H NS",140,0,"They missed sacrifice",-
403,2024.09.03,403,EPBot1,EPBot3,EPBot2,EPBot4,"4S S +1",450,0.00%,"3N N+1",430,1,"We missed best contract",+1
404,2024.09.03,404,EPBot1,EPBot3,EPBot2,EPBot4,"4H N +1",650,0.00%,"4H NS+1",650,0,"Par was bid",-
405,2024.09.03,405,EPBot1,EPBot3,EPBot2,EPBot4,"4H N =",620,0.00%,"6H NS",1430,-13,"We missed small slam",-2
406,2024.09.03,406,EPBot1,EPBot3,EPBot2,EPBot4,"4H S =",420,0.00%,"4H NS+1",450,-1,"Par was bid",-1
407,2024.09.03,407,EPBot1,EPBot3,EPBot2,EPBot4,"6H N =",1430,0.00%,"6N NS",1440,0,"We missed best contract",-
408,2024.09.03,408,EPBot1,EPBot3,EPBot2,EPBot4,"4S N +1",450,0.00%,"4S NS+1",450,0,"Par was bid",-
409,2024.09.03,409,EPBot1,EPBot3,EPBot2,EPBot4,"4H N =",420,0.00%,"4H N",420,0,"Par was bid",-
410,2024.09.03,410,EPBot1,EPBot3,EPBot2,EPBot4,"6H N -1",-100,0.00%,"6N NS",1440,-17,"We missed best contract",-1
411,2024.09.03,411,EPBot1,EPBot3,EPBot2,EPBot4,"4H N +1",450,0.00%,"4H NS+1",450,0,"Par was bid",-
412,2024.09.03,412,EPBot1,EPBot3,EPBot2,EPBot4,"3S N =",140,0.00%,"4S NS",620,-10,"We missed game",-1
413,2024.09.03,413,EPBot1,EPBot3,EPBot2,EPBot4,"3S N =",140,0.00%,"4S NS",620,-10,"We missed game",-1
414,2024.09.03,414,EPBot1,EPBot3,EPBot2,EPBot4,"3S N =",140,0.00%,"3SX NS-1",-100,6,"They missed double",+1
415,2024.09.03,415,EPBot1,EPBot3,EPBot2,EPBot4,"4S N -1",-100,0.00%,"4H EW+1",-450,8,"They missed double",+2
416,2024.09.03,416,EPBot1,EPBot3,EPBot2,EPBot4,"4H N +1",450,0.00%,"3N NS+1",430,1,"We missed best contract",+1
417,2024.09.03,417,EPBot1,EPBot3,EPBot2,EPBot4,"4S N =",420,0.00%,"4S NS",420,0,"Par was bid",-
418,2024.09.03,418,EPBot1,EPBot3,EPBot2,EPBot4,"4H N =",620,0.00%,"3DX EW-1",100,11,"We overbid - undoubled",+2
419,2024.09.03,419,EPBot1,EPBot3,EPBot2,EPBot4,"3H N =",140,0.00%,"4HX NS-1",-100,6,"They missed partial",-
420,2024.09.03,420,EPBot1,EPBot3,EPBot2,EPBot4,"2S S +1",140,0.00%,"1S NS+2",140,0,"Par was bid",-
421,2024.09.03,421,EPBot1,EPBot3,EPBot2,EPBot4,"4S S +2",680,0.00%,"7CX EW-6",1400,-12,"We missed small slam",-
422,2024.09.03,422,EPBot1,EPBot3,EPBot2,EPBot4,"3S S +1",170,0.00%,"4SX NS-1",-100,7,"They missed game",+1
423,2024.09.03,423,EPBot1,EPBot3,EPBot2,EPBot4,"4H N =",620,0.00%,"4H NS",620,0,"Par was bid",-
424,2024.09.03,424,EPBot1,EPBot3,EPBot2,EPBot4,"4H S -1",-50,0.00%,"5CX EW-1",100,-4,"We missed game",+2
425,2024.09.03,425,EPBot1,EPBot3,EPBot2,EPBot4,"4H S +1",450,0.00%,"3N NS+1",430,1,"We missed best contract",+1
426,2024.09.03,426,EPBot1,EPBot3,EPBot2,EPBot4,"4S N +1",650,0.00%,"4S NS+1",650,0,"Par was bid",-
427,2024.09.03,427,EPBot1,EPBot3,EPBot2,EPBot4,"4H N +1",450,0.00%,"4H NS+1",450,0,"Par was bid",-
428,2024.09.03,428,EPBot1,EPBot3,EPBot2,EPBot4,"4H N +1",650,0.00%,"4SX EW-3",500,4,"We overbid - undoubled",+2
429,2024.09.03,429,EPBot1,EPBot3,EPBot2,EPBot4,"4H S =",620,0.00%,"3S EW",-140,13,"They missed double",+1
430,2024.09.03,430,EPBot1,EPBot3,EPBot2,EPBot4,"4H S +1",450,0.00%,"4H NS+1",450,0,"Par was bid",-
431,2024.09.03,431,EPBot1,EPBot3,EPBot2,EPBot4,"4S N =",620,0.00%,"4S NS+1",650,-1,"Par was bid",-1
432,2024.09.03,432,EPBot1,EPBot3,EPBot2,EPBot4,"4S N +1",450,0.00%,"6S N",980,-11,"We missed small slam",-1
433,2024.09.03,433,EPBot1,EPBot3,EPBot2,EPBot4,"3N S =",400,0.00%,"3N NS+1",430,-1,"Par was bid",-1
434,2024.09.03,434,EPBot1,EPBot3,EPBot2,EPBot4,"5S S +1",680,0.00%,"6N NS",1440,-13,"We missed small slam",-
435,2024.09.03,435,EPBot1,EPBot3,EPBot2,EPBot4,"4S S =",420,0.00%,"4S NS+1",450,-1,"Par was bid",-1
436,2024.09.03,436,EPBot1,EPBot3,EPBot2,EPBot4,"4H S =",620,0.00%,"4SX EW-2",500,3,"They missed sacrifice",-
437,2024.09.03,437,EPBot1,EPBot3,EPBot2,EPBot4,"6H N -1",-100,0.00%,"6N NS",1440,-17,"We missed best contract",-1
438,2024.09.03,438,EPBot1,EPBot3,EPBot2,EPBot4,"4H N =",420,0.00%,"4H NS",420,0,"Par was bid",-
439,2024.09.03,439,EPBot1,EPBot3,EPBot2,EPBot4,"2S S =",110,0.00%,"2H EW+1",-140,6,"They missed double",+1
440,2024.09.03,440,EPBot1,EPBot3,EPBot2,EPBot4,"4D E +1",-150,0.00%,"4D EW",-130,-1,"Par was bid",-1
441,2024.09.03,441,EPBot1,EPBot3,EPBot2,EPBot4,"6H N -1",-50,0.00%,"4H NS+1",450,-11,"We overbid - undoubled",-
442,2024.09.03,442,EPBot1,EPBot3,EPBot2,EPBot4,"4S N =",620,0.00%,"4S NS",620,0,"Par was bid",-
443,2024.09.03,443,EPBot1,EPBot3,EPBot2,EPBot4,"3S E +1",-170,0.00%,"4HX NS-2",-300,4,"They missed game",-1
444,2024.09.03,444,EPBot1,EPBot3,EPBot2,EPBot4,"4S N +1",650,0.00%,"4S NS+1",650,0,"Par was bid",-
445,2024.09.03,445,EPBot1,EPBot3,EPBot2,EPBot4,"6S N =",1430,0.00%,"6N NS",1440,0,"We missed best contract",-
446,2024.09.03,446,EPBot1,EPBot3,EPBot2,EPBot4,"6H S -1",-50,0.00%,"4H NS+1",450,-11,"We overbid - undoubled",-
447,2024.09.03,447,EPBot1,EPBot3,EPBot2,EPBot4,"4S N =",620,0.00%,"5S NS",650,-1,"They missed sacrifice",-1
448,2024.09.03,448,EPBot1,EPBot3,EPBot2,EPBot4,"4H S =",420,0.00%,"4S NS",420,0,"We missed game",+1
449,2024.09.03,449,EPBot1,EPBot3,EPBot2,EPBot4,"3H N =",140,0.00%,"3S EW",-140,7,"They missed partial",+1
450,2024.09.03,450,EPBot1,EPBot3,EPBot2,EPBot4,"4H S =",620,0.00%,"3N NS+1",630,0,"We missed best contract",-
451,2024.09.03,451,EPBot1,EPBot3,EPBot2,EPBot4,"4S S -1",-50,0.00%,"1S NS+2",140,-5,"We overbid - undoubled",-
452,2024.09.03,452,EPBot1,EPBot3,EPBot2,EPBot4,"4H S +1",650,0.00%,"4H NS+1",650,0,"Par was bid",-
453,2024.09.03,453,EPBot1,EPBot3,EPBot2,EPBot4,"4S N =",620,0.00%,"4S S",620,0,"We wrong-side contract",+1
454,2024.09.03,454,EPBot1,EPBot3,EPBot2,EPBot4,"4H N =",420,0.00%,"4H NS+1",450,-1,"Par was bid",-1
455,2024.09.03,455,EPBot1,EPBot3,EPBot2,EPBot4,"4H S -1",-100,0.00%,"4H NS+1",650,-13,"Par was bid",-2
456,2024.09.03,456,EPBot1,EPBot3,EPBot2,EPBot4,"2S S +3",200,0.00%,"6S NS",980,-13,"We missed small slam",-1
457,2024.09.03,457,EPBot1,EPBot3,EPBot2,EPBot4,"3H S =",140,0.00%,"5HX NS-3",-500,12,"They missed game",+1
458,2024.09.03,458,EPBot1,EPBot3,EPBot2,EPBot4,"4S S +1",650,0.00%,"6N S",1440,-13,"We missed small slam",-1
459,2024.09.03,459,EPBot1,EPBot3,EPBot2,EPBot4,"4S N =",420,0.00%,"4S NS+1",450,-1,"Par was bid",-1
460,2024.09.03,460,EPBot1,EPBot3,EPBot2,EPBot4,"6N S =",1440,0.00%,"3N NS+2",660,13,"We overbid - undoubled",+1
461,2024.09.03,461,EPBot1,EPBot3,EPBot2,EPBot4,"3S S +1",170,0.00%,"5HX EW-2",500,-8,"We missed game",-
462,2024.09.03,462,EPBot1,EPBot3,EPBot2,EPBot4,"3S N +1",170,0.00%,"4S NS",420,-6,"We missed game",-
463,2024.09.03,463,EPBot1,EPBot3,EPBot2,EPBot4,"4H N =",620,0.00%,"4SX EW-1",100,11,"They missed sacrifice",-
464,2024.09.03,464,EPBot1,EPBot3,EPBot2,EPBot4,"4S N -1",-50,0.00%,"4S NS",420,-10,"Par was bid",-1
465,2024.09.03,465,EPBot1,EPBot3,EPBot2,EPBot4,"6S N +1",1010,0.00%,"7S NS",1510,-11,"We missed grand slam",-
466,2024.09.03,466,EPBot1,EPBot3,EPBot2,EPBot4,"4S S =",620,0.00%,"3S NS",140,10,"We overbid - undoubled",+1
467,2024.09.03,467,EPBot1,EPBot3,EPBot2,EPBot4,"4H N +1",450,0.00%,"3N NS+1",430,1,"We missed best contract",+1
468,2024.09.03,468,EPBot1,EPBot3,EPBot2,EPBot4,"4S S +1",650,0.00%,"4S NS",620,1,"Par was bid",+1
469,2024.09.03,469,EPBot1,EPBot3,EPBot2,EPBot4,"2H S +2",170,0.00%,"2S EW",-110,7,"They missed partial",+2
470,2024.09.03,470,EPBot1,EPBot3,EPBot2,EPBot4,"3H N =",140,0.00%,"1H NS+2",140,0,"Par was bid",-
471,2024.09.03,471,EPBot1,EPBot3,EPBot2,EPBot4,"5H N =",650,0.00%,"3N NS+2",660,0,"We missed best contract",-
472,2024.09.03,472,EPBot1,EPBot3,EPBot2,EPBot4,"4S N +1",450,0.00%,"4S N+1",450,0,"Par was bid",-
473,2024.09.03,473,EPBot1,EPBot3,EPBot2,EPBot4,"4S S +1",450,0.00%,"3N NS+2",460,0,"We missed best contract",-
474,2024.09.03,474,EPBot1,EPBot3,EPBot2,EPBot4,"4H S +1",650,0.00%,"3N N+2",660,0,"We missed best contract",-
475,2024.09.03,475,EPBot1,EPBot3,EPBot2,EPBot4,"4H N +1",450,0.00%,"3N S+2",460,0,"We missed best contract",-
476,2024.09.03,476,EPBot1,EPBot3,EPBot2,EPBot4,"4H N +2",680,0.00%,"6H NS",1430,-13,"We missed small slam",-
477,2024.09.03,477,EPBot1,EPBot3,EPBot2,EPBot4,"4S N -1",-100,0.00%,"2S S+1",140,-6,"We overbid - undoubled",+1
478,2024.09.03,478,EPBot1,EPBot3,EPBot2,EPBot4,"2S S +1",140,0.00%,"3N EW",-400,11,"They missed game",+3
479,2024.09.03,479,EPBot1,EPBot3,EPBot2,EPBot4,"3S N +1",170,0.00%,"4S NS",620,-10,"We missed game",-
480,2024.09.03,480,EPBot1,EPBot3,EPBot2,EPBot4,"4S E =",-620,0.00%,"3S EW",-140,-10,"They overbid - undoubled",-1
481,2024.09.03,481,EPBot1,EPBot3,EPBot2,EPBot4,"2S S +1",140,0.00%,"3SX NS-1",-100,6,"They missed partial",+1
482,2024.09.03,482,EPBot1,EPBot3,EPBot2,EPBot4,"2S S +2",170,0.00%,"5CX E-3",500,-8,"We missed game",-
483,2024.09.03,483,EPBot1,EPBot3,EPBot2,EPBot4,"4H N +1",450,0.00%,"6H NS",980,-11,"We missed small slam",-1
484,2024.09.03,484,EPBot1,EPBot3,EPBot2,EPBot4,"4S N -1",-100,0.00%,"1S NS+2",140,-6,"We overbid - undoubled",-
485,2024.09.03,485,EPBot1,EPBot3,EPBot2,EPBot4,"4S N +1",650,0.00%,"4S NS",620,1,"Par was bid",+1
486,2024.09.03,486,EPBot1,EPBot3,EPBot2,EPBot4,"4HX N -1",-100,0.00%,"4NX NS-3",-500,9,"They missed game",+1
487,2024.09.03,487,EPBot1,EPBot3,EPBot2,EPBot4,"4H S =",620,0.00%,"4H NS+1",650,-1,"Par was bid",-1
488,2024.09.03,488,EPBot1,EPBot3,EPBot2,EPBot4,"5HX E -1",100,0.00%,"5HX EW-1",100,0,"Par was bid",-
489,2024.09.03,489,EPBot1,EPBot3,EPBot2,EPBot4,"4H S =",420,0.00%,"3N NS+2",460,-1,"We missed best contract",-1
490,2024.09.03,490,EPBot1,EPBot3,EPBot2,EPBot4,"4S N =",620,0.00%,"3S NS",140,10,"We overbid - undoubled",+1
491,2024.09.03,491,EPBot1,EPBot3,EPBot2,EPBot4,"3S N +1",170,0.00%,"6SX NS-3",-500,12,"They missed small slam",+1
492,2024.09.03,492,EPBot1,EPBot3,EPBot2,EPBot4,"4H N +1",650,0.00%,"6SX EW-5",1100,-10,"We missed small slam",-1
493,2024.09.03,493,EPBot1,EPBot3,EPBot2,EPBot4,"4H S +1",650,0.00%,"4SX EW-1",200,10,"They missed sacrifice",+1
494,2024.09.03,494,EPBot1,EPBot3,EPBot2,EPBot4,"4S S +1",450,0.00%,"4S NS+1",450,0,"Par was bid",-
495,2024.09.03,495,EPBot1,EPBot3,EPBot2,EPBot4,"3S N +1",170,0.00%,"3S NS",140,1,"Par was bid",+1
496,2024.09.03,496,EPBot1,EPBot3,EPBot2,EPBot4,"4S N +1",450,0.00%,"6S N",980,-11,"We missed small slam",-1
497,2024.09.03,497,EPBot1,EPBot3,EPBot2,EPBot4,"3S N =",140,0.00%,"3S NS",140,0,"Par was bid",-
498,2024.09.03,498,EPBot1,EPBot3,EPBot2,EPBot4,"6H N =",1430,0.00%,"6C N",1370,2,"We overbid - undoubled",+1
499,2024.09.03,499,EPBot1,EPBot3,EPBot2,EPBot4,"3H N =",140,0.00%,"1H NS+2",140,0,"Par was bid",-
500,2024.09.03,500,EPBot1,EPBot3,EPBot2,EPBot4,"4SX W -2",500,0.00%,"3S EW",-140,12,"They overbid - doubled",+1
